Workbook

Sheet měsíc vzorový 2025
A1: VÝNOSY | H1: týden 1 (zpravidla dělený s předchozím měsícem) | K1: týden 2 | N1: týden 3 | Q1: týden 4 | T1: týden 5 (zpravidla dělený s následujícím měsícem)
A2: Středisko/pracovník | B2: plán měsíce | C2: skutečnost měsíce | D2: rozdíl | E2: počet intervencí | F2: odpracováno hod. | H2: výkony /týden | I2: počet intervencí | J2: odpracováno hod. | K2: výkony /týden | L2: počet intervencí | M2: odpracováno hod. | N2: výkony /týden | O2: počet intervencí | P2: odpracováno hod. | Q2: výkony /týden | R2: počet intervencí | S2: odpracováno hod. | T2: výkony /týden | U2: počet intervencí | V2: odpracováno hod.
A3: výnosy CDZ Ústí | B3: =SUM(B4:B11) -> 1190000 | C3: =SUM(C4:C11) -> 0 | D3: =SUM(D4:D11) -> -1190000 | E3: =SUM(E4:E11) -> 0 | F3: =SUM(F4:F11) -> 0 | H3: =SUM(H4:H11) -> 0 | I3: =SUM(I4:I11) -> 0 | J3: =SUM(J4:J11) -> 0 | K3: =SUM(K4:K11) -> 0 | L3: =SUM(L4:L11) -> 0 | M3: =SUM(M4:M11) -> 0 | N3: =SUM(N4:N11) -> 0 | O3: =SUM(O4:O11) -> 0 | ... V3: =SUM(V4:V11) -> 0
A4: psych. s. 1 - NÁGLOVÁ | B4: 200000 | C4: =+H4+K4+N4+Q4+T4 -> 0 | D4: =+C4-B4 -> -200000 | E4: =+I4+L4+O4+R4+U4 -> 0 | F4: =+J4+M4+P4+S4+V4 -> 0
A5: psych. s. 2 - HAJASOVÁ | B5: 200000 | C5: =+H5+K5+N5+Q5+T5 -> 0 | D5: =+C5-B5 -> -200000 | E5: =+I5+L5+O5+R5+U5 -> 0 | F5: =+J5+M5+P5+S5+V5 -> 0
A6: psych. s. 3 - KAŠPÁRKOVÁ/Pekárová | B6: 200000 | C6: =+H6+K6+N6+Q6+T6 -> 0 | D6: =+C6-B6 -> -200000 | E6: =+I6+L6+O6+R6+U6 -> 0 | F6: =+J6+M6+P6+S6+V6 -> 0
A7: psych. s. 4 - Milfajtová | B7: 200000 | C7: =+H7+K7+N7+Q7+T7 -> 0 | D7: =+C7-B7 -> -200000 | E7: =+I7+L7+O7+R7+U7 -> 0 | F7: =+J7+M7+P7+S7+V7 -> 0
A8: psychiatr - GÁBEL 0,2 | B8: =450000*0.2 -> 90000 | C8: =+H8+K8+N8+Q8+T8 -> 0 | D8: =+C8-B8 -> -90000 | E8: =+I8+L8+O8+R8+U8 -> 0 | F8: =+J8+M8+P8+S8+V8 -> 0
A9: psychiatr - PFEIFFER 0,5 na březen + doktorka | B9: =450000*0.5 -> 225000 | C9: =+H9+K9+N9+Q9+T9 -> 0 | D9: =+C9-B9 -> -225000 | E9: =+I9+L9+O9+R9+U9 -> 0 | F9: =+J9+M9+P9+S9+V9 -> 0
A10: psycholog 1 - 0,5 | B10: 75000 | C10: =+H10+K10+N10+Q10+T10 -> 0 | D10: =+C10-B10 -> -75000 | E10: =+I10+L10+O10+R10+U10 -> 0 | F10: =+J10+M10+P10+S10+V10 -> 0
A11: psycholog 2 | B11: 0 | C11: =+H11+K11+N11+Q11+T11 -> 0 | D11: =+C11-B11 -> 0 | E11: =+I11+L11+O11+R11+U11 -> 0 | F11: =+J11+M11+P11+S11+V11 -> 0
A12: výnosy CDZ Chomutov | B12: =SUM(B13:B20) -> 1100000 | C12: =SUM(C13:C20) -> 0 | D12: =SUM(D13:D20) -> -1100000 | E12: =SUM(E13:E20) -> 0 | F12: =SUM(F13:F20) -> 0 | H12: =SUM(H13:H20) -> 0 | I12: =SUM(I13:I20) -> 0 | J12: =SUM(J13:J20) -> 0 | K12: =SUM(K13:K20) -> 0 | L12: =SUM(L13:L20) -> 0 | M12: =SUM(M13:M20) -> 0 | N12: =SUM(N13:N20) -> 0 | O12: =SUM(O13:O20) -> 0 | ... V12: =SUM(V13:V20) -> 0
A13: psych. s 1 - Blažková | B13: 200000 | C13: =+H13+K13+N13+Q13+T13 -> 0 | D13: =+C13-B13 -> -200000 | E13: =+I13+L13+O13+R13+U13 -> 0 | F13: =+J13+M13+P13+S13+V13 -> 0
A14: psych. s 2 - Pátková od 1.3 | B14: 200000 | C14: =+H14+K14+N14+Q14+T14 -> 0 | D14: =+C14-B14 -> -200000 | E14: =+I14+L14+O14+R14+U14 -> 0 | F14: =+J14+M14+P14+S14+V14 -> 0
A15: psych. s 3 | B15: 200000 | C15: =+H15+K15+N15+Q15+T15 -> 0 | D15: =+C15-B15 -> -200000 | E15: =+I15+L15+O15+R15+U15 -> 0 | F15: =+J15+M15+P15+S15+V15 -> 0
A16: psych. s 4 | B16: 200000 | C16: =+H16+K16+N16+Q16+T16 -> 0 | D16: =+C16-B16 -> -200000 | E16: =+I16+L16+O16+R16+U16 -> 0 | F16: =+J16+M16+P16+S16+V16 -> 0
A17: psychiatr 1 - 0,5 od 1.4 | B17: =450000*0.5 -> 225000 | C17: =+H17+K17+N17+Q17+T17 -> 0 | D17: =+C17-B17 -> -225000 | E17: =+I17+L17+O17+R17+U17 -> 0 | F17: =+J17+M17+P17+S17+V17 -> 0
A18: psychiatr 2 | B18: 0 | C18: =+H18+K18+N18+Q18+T18 -> 0 | D18: =+C18-B18 -> 0 | E18: =+I18+L18+O18+R18+U18 -> 0 | F18: =+J18+M18+P18+S18+V18 -> 0
A19: psycholog 1 - 0,5 | B19: 75000 | C19: =+H19+K19+N19+Q19+T19 -> 0 | D19: =+C19-B19 -> -75000 | E19: =+I19+L19+O19+R19+U19 -> 0 | F19: =+J19+M19+P19+S19+V19 -> 0
A20: psycholog 2 | B20: 0 | C20: =+H20+K20+N20+Q20+T20 -> 0 | D20: =+C20-B20 -> 0 | E20: =+I20+L20+O20+R20+U20 -> 0 | F20: =+J20+M20+P20+S20+V20 -> 0
A21: výnosy CDZ Žatec | B21: =SUM(B22:B29) -> 1100000 | C21: =SUM(C22:C29) -> 0 | D21: =SUM(D22:D29) -> -1100000 | E21: =SUM(E22:E29) -> 0 | F21: =SUM(F22:F29) -> 0 | H21: =SUM(H22:H29) -> 0 | I21: =SUM(I22:I29) -> 0 | J21: =SUM(J22:J29) -> 0 | K21: =SUM(K22:K29) -> 0 | L21: =SUM(L22:L29) -> 0 | M21: =SUM(M22:M29) -> 0 | N21: =SUM(N22:N29) -> 0 | O21: =SUM(O22:O29) -> 0 | ... V21: =SUM(V22:V29) -> 0
A22: psych. s 1 - ZELENKOVÁ | B22: 200000 | C22: =+H22+K22+N22+Q22+T22 -> 0 | D22: =+C22-B22 -> -200000 | E22: =+I22+L22+O22+R22+U22 -> 0 | F22: =+J22+M22+P22+S22+V22 -> 0
A23: psych. s 2 - Štěpánka … | B23: 200000 | C23: =+H23+K23+N23+Q23+T23 -> 0 | D23: =+C23-B23 -> -200000 | E23: =+I23+L23+O23+R23+U23 -> 0 | F23: =+J23+M23+P23+S23+V23 -> 0
A24: psych. s 3 - Bečvářová | B24: 200000 | C24: =+H24+K24+N24+Q24+T24 -> 0 | D24: =+C24-B24 -> -200000 | E24: =+I24+L24+O24+R24+U24 -> 0 | F24: =+J24+M24+P24+S24+V24 -> 0
A25: všeob. s 4 - Dušková | B25: 200000 | C25: =+H25+K25+N25+Q25+T25 -> 0 | D25: =+C25-B25 -> -200000 | E25: =+I25+L25+O25+R25+U25 -> 0 | F25: =+J25+M25+P25+S25+V25 -> 0
A26: psychiatr 1 - 0,5 od 1.4 | B26: =450000*0.5 -> 225000 | C26: =+H26+K26+N26+Q26+T26 -> 0 | D26: =+C26-B26 -> -225000 | E26: =+I26+L26+O26+R26+U26 -> 0 | F26: =+J26+M26+P26+S26+V26 -> 0
A27: psychiatr 2 | B27: 0 | C27: =+H27+K27+N27+Q27+T27 -> 0 | D27: =+C27-B27 -> 0 | E27: =+I27+L27+O27+R27+U27 -> 0 | F27: =+J27+M27+P27+S27+V27 -> 0
A28: psycholog 1 - 0,5 | B28: 75000 | C28: =+H28+K28+N28+Q28+T28 -> 0 | D28: =+C28-B28 -> -75000 | E28: =+I28+L28+O28+R28+U28 -> 0 | F28: =+J28+M28+P28+S28+V28 -> 0
A29: psycholog 2 | B29: 0 | C29: =+H29+K29+N29+Q29+T29 -> 0 | D29: =+C29-B29 -> 0 | E29: =+I29+L29+O29+R29+U29 -> 0 | F29: =+J29+M29+P29+S29+V29 -> 0
A30: výnosy CDZ Litoměřice | B30: =SUM(B31:B38) -> 1100000 | C30: =SUM(C31:C38) -> 0 | D30: =SUM(D31:D38) -> -1100000 | E30: =SUM(E31:E38) -> 0 | F30: =SUM(F31:F38) -> 0 | H30: =SUM(H31:H38) -> 0 | I30: =SUM(I31:I38) -> 0 | J30: =SUM(J31:J38) -> 0 | K30: =SUM(K31:K38) -> 0 | L30: =SUM(L31:L38) -> 0 | M30: =SUM(M31:M38) -> 0 | N30: =SUM(N31:N38) -> 0 | O30: =SUM(O31:O38) -> 0 | ... V30: =SUM(V31:V38) -> 0
A31: psych. s 1 - Štréblová 0,2 od 1.3 od 5 celý | B31: 200000 | C31: =+H31+K31+N31+Q31+T31 -> 0 | D31: =+C31-B31 -> -200000 | E31: =+I31+L31+O31+R31+U31 -> 0 | F31: =+J31+M31+P31+S31+V31 -> 0
A32: psych. s 2 | B32: 200000 | C32: =+H32+K32+N32+Q32+T32 -> 0 | D32: =+C32-B32 -> -200000 | E32: =+I32+L32+O32+R32+U32 -> 0 | F32: =+J32+M32+P32+S32+V32 -> 0
A33: psych. s 3 | B33: 200000 | C33: =+H33+K33+N33+Q33+T33 -> 0 | D33: =+C33-B33 -> -200000 | E33: =+I33+L33+O33+R33+U33 -> 0 | F33: =+J33+M33+P33+S33+V33 -> 0
A34: psych. s 4 | B34: 200000 | C34: =+H34+K34+N34+Q34+T34 -> 0 | D34: =+C34-B34 -> -200000 | E34: =+I34+L34+O34+R34+U34 -> 0 | F34: =+J34+M34+P34+S34+V34 -> 0
A35: psychiatr 1 - 0,5 | B35: =450000*0.5 -> 225000 | C35: =+H35+K35+N35+Q35+T35 -> 0 | D35: =+C35-B35 -> -225000 | E35: =+I35+L35+O35+R35+U35 -> 0 | F35: =+J35+M35+P35+S35+V35 -> 0
A36: psychiatr 2 | B36: 0 | C36: =+H36+K36+N36+Q36+T36 -> 0 | D36: =+C36-B36 -> 0 | E36: =+I36+L36+O36+R36+U36 -> 0 | F36: =+J36+M36+P36+S36+V36 -> 0
A37: psycholog 1 - 0,5 | B37: 75000 | C37: =+H37+K37+N37+Q37+T37 -> 0 | D37: =+C37-B37 -> -75000 | E37: =+I37+L37+O37+R37+U37 -> 0 | F37: =+J37+M37+P37+S37+V37 -> 0
A38: psycholog 2 | B38: 0 | C38: =+H38+K38+N38+Q38+T38 -> 0 | D38: =+C38-B38 -> 0 | E38: =+I38+L38+O38+R38+U38 -> 0 | F38: =+J38+M38+P38+S38+V38 -> 0
A39: výnosy TDZ Děčín | B39: =SUM(B40:B41) -> 400000 | C39: =SUM(C40:C41) -> 0 | D39: =SUM(D40:D41) -> -400000 | E39: =SUM(E40:E41) -> 0 | F39: =SUM(F40:F41) -> 0 | H39: =SUM(H40:H41) -> 0 | I39: =SUM(I40:I41) -> 0 | J39: =SUM(J40:J41) -> 0 | K39: =SUM(K40:K41) -> 0 | L39: =SUM(L40:L41) -> 0 | M39: =SUM(M40:M41) -> 0 | N39: =SUM(N40:N41) -> 0 | O39: =SUM(O40:O41) -> 0 | ... V39: =SUM(V40:V41) -> 0
A40: psych. s 1 - Jirásková | B40: 200000 | C40: =+H40+K40+N40+Q40+T40 -> 0 | D40: =+C40-B40 -> -200000 | E40: =+I40+L40+O40+R40+U40 -> 0 | F40: =+J40+M40+P40+S40+V40 -> 0
A41: psych. s 2 | B41: 200000 | C41: =+H41+K41+N41+Q41+T41 -> 0 | D41: =+C41-B41 -> -200000 | E41: =+I41+L41+O41+R41+U41 -> 0 | F41: =+J41+M41+P41+S41+V41 -> 0
A42: výnosy TDZ Most | B42: =SUM(B43:B44) -> 400000 | C42: =SUM(C43:C44) -> 0 | D42: =SUM(D43:D44) -> -400000 | E42: =SUM(E43:E44) -> 0 | F42: =SUM(F43:F44) -> 0 | H42: =SUM(H43:H44) -> 0 | I42: =SUM(I43:I44) -> 0 | J42: =SUM(J43:J44) -> 0 | K42: =SUM(K43:K44) -> 0 | L42: =SUM(L43:L44) -> 0 | M42: =SUM(M43:M44) -> 0 | N42: =SUM(N43:N44) -> 0 | O42: =SUM(O43:O44) -> 0 | ... V42: =SUM(V43:V44) -> 0
A43: psych. s 1 Prajzová 0,5 | B43: =200000 -> 200000 | C43: =+H43+K43+N43+Q43+T43 -> 0 | D43: =+C43-B43 -> -200000 | E43: =+I43+L43+O43+R43+U43 -> 0 | F43: =+J43+M43+P43+S43+V43 -> 0
A44: psych. s 2 | B44: 200000 | C44: =+H44+K44+N44+Q44+T44 -> 0 | D44: =+C44-B44 -> -200000 | E44: =+I44+L44+O44+R44+U44 -> 0 | F44: =+J44+M44+P44+S44+V44 -> 0
A45: výnosy TDZ Teplice | B45: =SUM(B46:B47) -> 400000 | C45: =SUM(C46:C47) -> 0 | D45: =SUM(D46:D47) -> -400000 | E45: =SUM(E46:E47) -> 0 | F45: =SUM(F46:F47) -> 0 | H45: =SUM(H46:H47) -> 0 | I45: =SUM(I46:I47) -> 0 | J45: =SUM(J46:J47) -> 0 | K45: =SUM(K46:K47) -> 0 | L45: =SUM(L46:L47) -> 0 | M45: =SUM(M46:M47) -> 0 | N45: =SUM(N46:N47) -> 0 | O45: =SUM(O46:O47) -> 0 | ... V45: =SUM(V46:V47) -> 0
A46: psych. s 1 | B46: =200000 -> 200000 | C46: =+H46+K46+N46+Q46+T46 -> 0 | D46: =+C46-B46 -> -200000 | E46: =+I46+L46+O46+R46+U46 -> 0 | F46: =+J46+M46+P46+S46+V46 -> 0
A47: psych. s 2 | B47: 200000 | C47: =+H47+K47+N47+Q47+T47 -> 0 | D47: =+C47-B47 -> -200000 | E47: =+I47+L47+O47+R47+U47 -> 0 | F47: =+J47+M47+P47+S47+V47 -> 0
A48: výnosy TDZ pro děti | B48: =SUM(B49:B50) -> 400000 | C48: =SUM(C49:C50) -> 0 | D48: =SUM(D49:D50) -> -400000 | E48: =SUM(E49:E50) -> 0 | F48: =SUM(F49:F50) -> 0 | H48: =SUM(H49:H50) -> 0 | I48: =SUM(I49:I50) -> 0 | J48: =SUM(J49:J50) -> 0 | K48: =SUM(K49:K50) -> 0 | L48: =SUM(L49:L50) -> 0 | M48: =SUM(M49:M50) -> 0 | N48: =SUM(N49:N50) -> 0 | O48: =SUM(O49:O50) -> 0 | ... V48: =SUM(V49:V50) -> 0
A49: psych. s 1 | B49: =200000 -> 200000 | C49: =+H49+K49+N49+Q49+T49 -> 0 | D49: =+C49-B49 -> -200000 | E49: =+I49+L49+O49+R49+U49 -> 0 | F49: =+J49+M49+P49+S49+V49 -> 0
A50: psych. s 2 | B50: 200000 | C50: =+H50+K50+N50+Q50+T50 -> 0 | D50: =+C50-B50 -> -200000 | E50: =+I50+L50+O50+R50+U50 -> 0 | F50: =+J50+M50+P50+S50+V50 -> 0
A51: VÝNOSY CELKEM | B51: =+B48+B39+B30+B21+B12+B3+B45+B42 -> 6090000 | C51: =+C48+C39+C30+C21+C12+C3+C45+C42 -> 0 | D51: =+D48+D39+D30+D21+D12+D3+D45+D42 -> -6090000 | E51: =+E48+E39+E30+E21+E12+E3+E45+E42 -> 0 | F51: =+F48+F39+F30+F21+F12+F3+F45+F42 -> 0 | H51: =+H48+H39+H30+H21+H12+H3+H45+H42 -> 0 | I51: =+I48+I39+I30+I21+I12+I3+I45+I42 -> 0 | J51: =+J48+J39+J30+J21+J12+J3+J45+J42 -> 0 | K51: =+K48+K39+K30+K21+K12+K3+K45+K42 -> 0 | L51: =+L48+L39+L30+L21+L12+L3+L45+L42 -> 0 | M51: =+M48+M39+M30+M21+M12+M3+M45+M42 -> 0 | N51: =+N48+N39+N30+N21+N12+N3+N45+N42 -> 0 | O51: =+O48+O39+O30+O21+O12+O3+O45+O42 -> 0 | ... V51: =+V48+V39+V30+V21+V12+V3+V45+V42 -> 0
A53: NÁKLADY | B53: plán měsíce | C53: skutečnost měsíce | D53: rozdíl
A54: Mzdy a odvody pracovníků | B54: =+B55+B64+B73+B82+B91+B100+B94+B97 -> 2586200 | C54: =+C55+C64+C73+C82+C91+C100+C94+C97 -> 0 | D54: =+C54-B54 -> -2586200
A55: 1. CDZ Ústí | B55: =SUM(B56:B63)*1.34 -> 452920 | C55: =SUM(C56:C63)*1.34 -> 0 | D55: =+C55-B55 -> -452920
A56: psych. s. 1 - NÁGLOVÁ | B56: 60000 | D56: =+C56-B56 -> -60000
A57: psych. s. 2 - HAJASOVÁ | B57: 47000 | D57: =+C57-B57 -> -47000
A58: psych. s. 3 - KAŠPÁRKOVÁ/Pekárová | B58: 55000 | D58: =+C58-B58 -> -55000
A59: psych. s. 4 - Milfajtová | B59: 60000 | D59: =+C59-B59 -> -60000 | J59: 1
A60: psychiatr - GÁBEL 0,2 | B60: 16000 | D60: =+C60-B60 -> -16000 | J60: 2
A61: psychiatr - PFEIFFER 0,5 | B61: 85000 | D61: =+C61-B61 -> -85000 | J61: 3 | K61: LT 0,2 sestry
A62: psycholog 1 - 0,5 | B62: 15000 | D62: =+C62-B62 -> -15000 | J62: 4 | K62: CV a žatec od 4 do 6 jako ambulance 570 sestry
A63: psycholog 2 | B63: 0 | D63: =+C63-B63 -> 0
A64: 2. CDZ Chomutov | B64: =SUM(B65:B72)*1.34 -> 495800 | C64: =SUM(C65:C72)*1.34 -> 0 | D64: =+C64-B64 -> -495800 | J64: 5 | K64: LT 1 amb sestra
A65: psych. s 1 - Blažková | B65: 55000 | D65: =+C65-B65 -> -55000 | J65: 6
A66: psych. s 2 - Pátková | B66: 60000 | D66: =+C66-B66 -> -60000 | J66: 7 | K66: CV a žatec klasicky
A67: psych. s 3 | B67: 60000 | D67: =+C67-B67 -> -60000 | J67: 8
A68: psych. s 4 | B68: 60000 | D68: =+C68-B68 -> -60000 | J68: 9 | K68: LT od 1.9 cdz | L68: Most 1 sestra na celý
A69: psychiatr 1 - 0,5 od 1.4 | B69: 80000 | D69: =+C69-B69 -> -80000 | J69: 10
A70: psychiatr 2 | B70: 0 | D70: =+C70-B70 -> 0
A71: psycholog 1 - 0,5 | B71: 55000 | D71: =+C71-B71 -> -55000
A72: psycholog 2 | B72: 0 | D72: =+C72-B72 -> 0 | J72: 11
A73: 3. CDZ Žatec | B73: =SUM(B74:B81)*1.34 -> 522600 | C73: =SUM(C74:C81)*1.34 -> 0 | D73: =+C73-B73 -> -522600 | J73: 12
A74: psych. s 1 - Zelenková | B74: 75000 | D74: =+C74-B74 -> -75000
A75: psych. s 2 - Štěpánka … | B75: 60000 | D75: =+C75-B75 -> -60000
A76: psych. s 3 - Bečvářová | B76: 60000 | D76: =+C76-B76 -> -60000
A77: všeob. s 4 - Dušková | B77: 60000 | D77: =+C77-B77 -> -60000
A78: psychiatr 1 - 0,5 od 1.4 | B78: 80000 | D78: =+C78-B78 -> -80000
A79: psychiatr 2 | B79: 0 | D79: =+C79-B79 -> 0
A80: psycholog 1 - 0,5 | B80: 55000 | D80: =+C80-B80 -> -55000
A81: psycholog 2 | B81: 0 | D81: =+C81-B81 -> 0
A82: 4. CDZ Litoměřice | B82: =SUM(B83:B90)*1.34 -> 515900 | C82: =SUM(C83:C90)*1.34 -> 0 | D82: =+C82-B82 -> -515900
A83: psych. s 1 - Štréblová 0,2 | B83: 70000 | D83: =+C83-B83 -> -70000
A84: psych. s 2 | B84: 60000 | D84: =+C84-B84 -> -60000
A85: psych. s 3 | B85: 60000 | D85: =+C85-B85 -> -60000
A86: psych. s 4 | B86: 60000 | D86: =+C86-B86 -> -60000
A87: psychiatr 1 - 0,5 | B87: 80000 | D87: =+C87-B87 -> -80000
A88: psychiatr 2 | B88: 0 | D88: =+C88-B88 -> 0
A89: psycholog 1 - 0,5 | B89: 55000 | D89: =+C89-B89 -> -55000
A90: psycholog 2 | B90: 0 | D90: =+C90-B90 -> 0
A91: 5. TDZ Děčín | B91: =SUM(B92:B93)*1.34 -> 176880 | C91: =SUM(C92:C93)*1.34 -> 0 | D91: =+C91-B91 -> -176880
A92: psych. s 1 - Jirásková | B92: 72000 | D92: =+C92-B92 -> -72000
A93: psych. s 2 | B93: 60000 | D93: =+C93-B93 -> -60000
A94: 6. TDZ Most | B94: =SUM(B95:B96)*1.34 -> 100500 | C94: =SUM(C95:C96)*1.34 -> 0 | D94: =+C94-B94 -> -100500
A95: psych. s 1 Prajzová 0,5 | B95: 15000 | D95: =+C95-B95 -> -15000
A96: psych. s 2 | B96: 60000 | D96: =+C96-B96 -> -60000
A97: 7. TDZ Teplice | B97: =SUM(B98:B99)*1.34 -> 160800 | C97: =SUM(C98:C99)*1.34 -> 0 | D97: =+C97-B97 -> -160800
A98: psych. s 1 | B98: 60000 | D98: =+C98-B98 -> -60000
A99: psych. s 2 | B99: 60000 | D99: =+C99-B99 -> -60000
A100: 8. TDZ pro děti | B100: =SUM(B101:B102)*1.34 -> 160800 | C100: =SUM(C101:C102)*1.34 -> 0 | D100: =+C100-B100 -> -160800
A101: psych. s 1 | B101: 60000 | D101: =+C101-B101 -> -60000
...

Sheet leden 2025
A1: VÝNOSY | H1: týden 1 (zpravidla dělený s předchozím měsícem) | K1: týden 2 | N1: týden 3 | Q1: týden 4 | T1: týden 5 (zpravidla dělený s následujícím měsícem)
A2: Středisko/pracovník | B2: plán měsíce | C2: skutečnost měsíce | D2: rozdíl | E2: počet intervencí | F2: odpracováno hod. | H2: výkony /týden | I2: počet intervencí | J2: odpracováno hod. | K2: výkony /týden | L2: počet intervencí | M2: odpracováno hod. | N2: výkony /týden | O2: počet intervencí | P2: odpracováno hod. | Q2: výkony /týden | R2: počet intervencí | S2: odpracováno hod. | T2: výkony /týden | U2: počet intervencí | V2: odpracováno hod.
A3: výnosy CDZ Ústí | B3: =SUM(B4:B11) -> 915000 | C3: =SUM(C4:C11) -> 753882 | D3: =SUM(D4:D11) -> -161118 | E3: =SUM(E4:E11) -> 701 | F3: =SUM(F4:F11) -> 997.05 | H3: =SUM(H4:H11) -> 166363 | I3: =SUM(I4:I11) -> 139 | J3: =SUM(J4:J11) -> 224.9 | K3: =SUM(K4:K11) -> 180001 | L3: =SUM(L4:L11) -> 143 | M3: =SUM(M4:M11) -> 241.8 | N3: =SUM(N4:N11) -> 159140 | O3: =SUM(O4:O11) -> 123 | ... V3: =SUM(V4:V11) -> 0
A4: psych. s. 1 - NÁGLOVÁ | B4: 200000 | C4: =+H4+K4+N4+Q4+T4 -> 203197 | D4: =+C4-B4 -> 3197 | E4: =+I4+L4+O4+R4+U4 -> 213 | F4: =+J4+M4+P4+S4+V4 -> 300.45 | H4: 59212 | I4: 64 | J4: 86.2 | K4: 45535 | L4: 48 | M4: 70 | N4: 32413 | O4: 33 | P4: 48.35 | Q4: 66037 | R4: 68 | S4: 95.9
A5: psych. s. 2 - HAJASOVÁ | B5: 200000 | C5: =+H5+K5+N5+Q5+T5 -> 150551 | D5: =+C5-B5 -> -49449 | E5: =+I5+L5+O5+R5+U5 -> 124 | F5: =+J5+M5+P5+S5+V5 -> 223.3 | H5: 17941 | I5: 14 | J5: 28 | K5: 29704 | L5: 24 | M5: 44 | N5: 51750 | O5: 43 | P5: 75 | Q5: 51156 | R5: 43 | S5: 76.3
A6: psych. s. 3 - KAŠPÁRKOVÁ/Pekárová | B6: 200000 | C6: =+H6+K6+N6+Q6+T6 -> 160581 | D6: =+C6-B6 -> -39419 | E6: =+I6+L6+O6+R6+U6 -> 131 | F6: =+J6+M6+P6+S6+V6 -> 240 | H6: 43428 | I6: 35 | J6: 65.5 | K6: 53294 | L6: 43 | M6: 78 | N6: 16478 | O6: 15 | P6: 23.7 | Q6: 47381 | R6: 38 | S6: 72.8
A7: psych. s. 4 - Milfajtová | B7: 0 | C7: =+H7+K7+N7+Q7+T7 -> 0 | D7: =+C7-B7 -> 0 | E7: =+I7+L7+O7+R7+U7 -> 0 | F7: =+J7+M7+P7+S7+V7 -> 0
A8: psychiatr - GÁBEL 0,2 | B8: =450000*0.2 -> 90000 | C8: =+H8+K8+N8+Q8+T8 -> 7428 | D8: =+C8-B8 -> -82572 | E8: =+I8+L8+O8+R8+U8 -> 38 | F8: =+J8+M8+P8+S8+V8 -> 6.2 | H8: 0 | K8: 0 | L8: 0 | M8: 0 | N8: 391 | O8: 2 | P8: 0.2 | Q8: 7037 | R8: 36 | S8: 6
A9: psychiatr - PFEIFFER 0,5 na březen + doktorka | B9: =450000*0.5 -> 225000 | C9: =+H9+K9+N9+Q9+T9 -> 232125 | D9: =+C9-B9 -> 7125 | E9: =+I9+L9+O9+R9+U9 -> 195 | F9: =+J9+M9+P9+S9+V9 -> 227.1 | H9: 45782 | I9: 26 | J9: 45.2 | K9: 51468 | L9: 28 | M9: 49.8 | N9: 58108 | O9: 30 | P9: 58.1 | Q9: 76767 | R9: 111 | S9: 74
A10: psycholog 1 - 0,5 | B10: 0 | C10: =+H10+K10+N10+Q10+T10 -> 0 | D10: =+C10-B10 -> 0 | E10: =+I10+L10+O10+R10+U10 -> 0 | F10: =+J10+M10+P10+S10+V10 -> 0
A11: psycholog 2 | B11: 0 | C11: =+H11+K11+N11+Q11+T11 -> 0 | D11: =+C11-B11 -> 0 | E11: =+I11+L11+O11+R11+U11 -> 0 | F11: =+J11+M11+P11+S11+V11 -> 0
A12: výnosy CDZ Chomutov | B12: =SUM(B13:B20) -> 170000 | C12: =SUM(C13:C20) -> 100994 | D12: =SUM(D13:D20) -> -69006 | E12: =SUM(E13:E20) -> 153 | F12: =SUM(F13:F20) -> 177 | H12: =SUM(H13:H20) -> 22762 | I12: =SUM(I13:I20) -> 42 | J12: =SUM(J13:J20) -> 39.5 | K12: =SUM(K13:K20) -> 24240 | L12: =SUM(L13:L20) -> 33 | M12: =SUM(M13:M20) -> 42.7 | N12: =SUM(N13:N20) -> 25523 | O12: =SUM(O13:O20) -> 40 | ... V12: =SUM(V13:V20) -> 0
A13: psych. s 1 - Blažková | B13: =200000*0.85 -> 170000 | C13: =+H13+K13+N13+Q13+T13 -> 100994 | D13: =+C13-B13 -> -69006 | E13: =+I13+L13+O13+R13+U13 -> 153 | F13: =+J13+M13+P13+S13+V13 -> 177 | H13: 22762 | I13: 42 | J13: 39.5 | K13: 24240 | L13: 33 | M13: 42.7 | N13: 25523 | O13: 40 | P13: 45.3 | Q13: 28469 | R13: 38 | S13: 49.5
A14: psych. s 2 - Pátková od 1.3 | B14: 0 | C14: =+H14+K14+N14+Q14+T14 -> 0 | D14: =+C14-B14 -> 0 | E14: =+I14+L14+O14+R14+U14 -> 0 | F14: =+J14+M14+P14+S14+V14 -> 0
A15: psych. s 3 | B15: 0 | C15: =+H15+K15+N15+Q15+T15 -> 0 | D15: =+C15-B15 -> 0 | E15: =+I15+L15+O15+R15+U15 -> 0 | F15: =+J15+M15+P15+S15+V15 -> 0
A16: psych. s 4 | B16: 0 | C16: =+H16+K16+N16+Q16+T16 -> 0 | D16: =+C16-B16 -> 0 | E16: =+I16+L16+O16+R16+U16 -> 0 | F16: =+J16+M16+P16+S16+V16 -> 0
A17: psychiatr 1 - 0,5 od 1.4 | B17: 0 | C17: =+H17+K17+N17+Q17+T17 -> 0 | D17: =+C17-B17 -> 0 | E17: =+I17+L17+O17+R17+U17 -> 0 | F17: =+J17+M17+P17+S17+V17 -> 0
A18: psychiatr 2 | B18: 0 | C18: =+H18+K18+N18+Q18+T18 -> 0 | D18: =+C18-B18 -> 0 | E18: =+I18+L18+O18+R18+U18 -> 0 | F18: =+J18+M18+P18+S18+V18 -> 0
A19: psycholog 1 - 0,5 | B19: 0 | C19: =+H19+K19+N19+Q19+T19 -> 0 | D19: =+C19-B19 -> 0 | E19: =+I19+L19+O19+R19+U19 -> 0 | F19: =+J19+M19+P19+S19+V19 -> 0
A20: psycholog 2 | B20: 0 | C20: =+H20+K20+N20+Q20+T20 -> 0 | D20: =+C20-B20 -> 0 | E20: =+I20+L20+O20+R20+U20 -> 0 | F20: =+J20+M20+P20+S20+V20 -> 0
A21: výnosy CDZ Žatec | B21: =SUM(B22:B29) -> 170000 | C21: =SUM(C22:C29) -> 105887 | D21: =SUM(D22:D29) -> -64113 | E21: =SUM(E22:E29) -> 126 | F21: =SUM(F22:F29) -> 185.4 | H21: =SUM(H22:H29) -> 35359 | I21: =SUM(I22:I29) -> 39 | J21: =SUM(J22:J29) -> 62 | K21: =SUM(K22:K29) -> 24050 | L21: =SUM(L22:L29) -> 27 | M21: =SUM(M22:M29) -> 42.1 | N21: =SUM(N22:N29) -> 18629 | O21: =SUM(O22:O29) -> 25 | ... V21: =SUM(V22:V29) -> 0
A22: psych. s 1 - ZELENKOVÁ | B22: =200000*0.85 -> 170000 | C22: =+H22+K22+N22+Q22+T22 -> 105887 | D22: =+C22-B22 -> -64113 | E22: =+I22+L22+O22+R22+U22 -> 126 | F22: =+J22+M22+P22+S22+V22 -> 185.4 | H22: 35359 | I22: 39 | J22: 62 | K22: 24050 | L22: 27 | M22: 42.1 | N22: 18629 | O22: 25 | P22: 32.4 | Q22: 27849 | R22: 35 | S22: 48.9
A23: psych. s 2 - Štěpánka … | B23: 0 | C23: =+H23+K23+N23+Q23+T23 -> 0 | D23: =+C23-B23 -> 0 | E23: =+I23+L23+O23+R23+U23 -> 0 | F23: =+J23+M23+P23+S23+V23 -> 0
A24: psych. s 3 - Bečvářová | B24: 0 | C24: =+H24+K24+N24+Q24+T24 -> 0 | D24: =+C24-B24 -> 0 | E24: =+I24+L24+O24+R24+U24 -> 0 | F24: =+J24+M24+P24+S24+V24 -> 0
A25: všeob. s 4 - Dušková | B25: 0 | C25: =+H25+K25+N25+Q25+T25 -> 0 | D25: =+C25-B25 -> 0 | E25: =+I25+L25+O25+R25+U25 -> 0 | F25: =+J25+M25+P25+S25+V25 -> 0
A26: psychiatr 1 - 0,5 od 1.4 | B26: 0 | C26: =+H26+K26+N26+Q26+T26 -> 0 | D26: =+C26-B26 -> 0 | E26: =+I26+L26+O26+R26+U26 -> 0 | F26: =+J26+M26+P26+S26+V26 -> 0
A27: psychiatr 2 | B27: 0 | C27: =+H27+K27+N27+Q27+T27 -> 0 | D27: =+C27-B27 -> 0 | E27: =+I27+L27+O27+R27+U27 -> 0 | F27: =+J27+M27+P27+S27+V27 -> 0
A28: psycholog 1 - 0,5 | B28: 0 | C28: =+H28+K28+N28+Q28+T28 -> 0 | D28: =+C28-B28 -> 0 | E28: =+I28+L28+O28+R28+U28 -> 0 | F28: =+J28+M28+P28+S28+V28 -> 0
A29: psycholog 2 | B29: 0 | C29: =+H29+K29+N29+Q29+T29 -> 0 | D29: =+C29-B29 -> 0 | E29: =+I29+L29+O29+R29+U29 -> 0 | F29: =+J29+M29+P29+S29+V29 -> 0
A30: výnosy CDZ Litoměřice | B30: =SUM(B31:B38) -> 0 | C30: =SUM(C31:C38) -> 0 | D30: =SUM(D31:D38) -> 0 | E30: =SUM(E31:E38) -> 0 | F30: =SUM(F31:F38) -> 0 | H30: =SUM(H31:H38) -> 0 | I30: =SUM(I31:I38) -> 0 | J30: =SUM(J31:J38) -> 0 | K30: =SUM(K31:K38) -> 0 | L30: =SUM(L31:L38) -> 0 | M30: =SUM(M31:M38) -> 0 | N30: =SUM(N31:N38) -> 0 | O30: =SUM(O31:O38) -> 0 | ... V30: =SUM(V31:V38) -> 0
A31: psych. s 1 - Štréblová 0,2 od 1.3 od 5 celý | B31: 0 | C31: =+H31+K31+N31+Q31+T31 -> 0 | D31: =+C31-B31 -> 0 | E31: =+I31+L31+O31+R31+U31 -> 0 | F31: =+J31+M31+P31+S31+V31 -> 0
A32: psych. s 2 | B32: 0 | C32: =+H32+K32+N32+Q32+T32 -> 0 | D32: =+C32-B32 -> 0 | E32: =+I32+L32+O32+R32+U32 -> 0 | F32: =+J32+M32+P32+S32+V32 -> 0
A33: psych. s 3 | B33: 0 | C33: =+H33+K33+N33+Q33+T33 -> 0 | D33: =+C33-B33 -> 0 | E33: =+I33+L33+O33+R33+U33 -> 0 | F33: =+J33+M33+P33+S33+V33 -> 0
A34: psych. s 4 | B34: 0 | C34: =+H34+K34+N34+Q34+T34 -> 0 | D34: =+C34-B34 -> 0 | E34: =+I34+L34+O34+R34+U34 -> 0 | F34: =+J34+M34+P34+S34+V34 -> 0
A35: psychiatr 1 - 0,5 | B35: 0 | C35: =+H35+K35+N35+Q35+T35 -> 0 | D35: =+C35-B35 -> 0 | E35: =+I35+L35+O35+R35+U35 -> 0 | F35: =+J35+M35+P35+S35+V35 -> 0
A36: psychiatr 2 | B36: 0 | C36: =+H36+K36+N36+Q36+T36 -> 0 | D36: =+C36-B36 -> 0 | E36: =+I36+L36+O36+R36+U36 -> 0 | F36: =+J36+M36+P36+S36+V36 -> 0
A37: psycholog 1 - 0,5 | B37: 0 | C37: =+H37+K37+N37+Q37+T37 -> 0 | D37: =+C37-B37 -> 0 | E37: =+I37+L37+O37+R37+U37 -> 0 | F37: =+J37+M37+P37+S37+V37 -> 0
A38: psycholog 2 | B38: 0 | C38: =+H38+K38+N38+Q38+T38 -> 0 | D38: =+C38-B38 -> 0 | E38: =+I38+L38+O38+R38+U38 -> 0 | F38: =+J38+M38+P38+S38+V38 -> 0
A39: výnosy TDZ Děčín | B39: =SUM(B40:B41) -> 170000 | C39: =SUM(C40:C41) -> 18487 | D39: =SUM(D40:D41) -> -151513 | E39: =SUM(E40:E41) -> 33 | F39: =SUM(F40:F41) -> 32.25 | H39: =SUM(H40:H41) -> 16682 | I39: =SUM(I40:I41) -> 33 | J39: =SUM(J40:J41) -> 29.15 | K39: =SUM(K40:K41) -> 10932 | L39: =SUM(L40:L41) -> 20 | M39: =SUM(M40:M41) -> 19.1 | N39: =SUM(N40:N41) -> 15826 | O39: =SUM(O40:O41) -> 30 | ... V39: =SUM(V40:V41) -> 0
A40: psych. s 1 - Jirásková | B40: =200000*0.85 -> 170000 | C40: =+H40+K40+N40+Q40+T40 -> 18487 | D40: =+C40-B40 -> -151513 | E40: =+I40+L40+O40+R40+U40 -> 33 | F40: =+J40+M40+P40+S40+V40 -> 32.25 | H40: 16682 | I40: 33 | J40: 29.15 | K40: 10932 | L40: 20 | M40: 19.1 | N40: 15826 | O40: 30 | P40: 27.85 | Q40: -24953 | R40: -50 | S40: -43.85
A41: psych. s 2 | B41: 0 | C41: =+H41+K41+N41+Q41+T41 -> 0 | D41: =+C41-B41 -> 0 | E41: =+I41+L41+O41+R41+U41 -> 0 | F41: =+J41+M41+P41+S41+V41 -> 0
A42: výnosy TDZ Most | B42: =SUM(B43:B44) -> 85000 | C42: =SUM(C43:C44) -> 57508 | D42: =SUM(D43:D44) -> -27492 | E42: =SUM(E43:E44) -> 75 | F42: =SUM(F43:F44) -> 100.5 | H42: =SUM(H43:H44) -> 14734 | I42: =SUM(I43:I44) -> 17 | J42: =SUM(J43:J44) -> 25.2 | K42: =SUM(K43:K44) -> 8458 | L42: =SUM(L43:L44) -> 16 | M42: =SUM(M43:M44) -> 15.2 | N42: =SUM(N43:N44) -> 19963 | O42: =SUM(O43:O44) -> 23 | ... V42: =SUM(V43:V44) -> 0
A43: psych. s 1 Prajzová 0,5 | B43: =200000/2*0.85 -> 85000 | C43: =+H43+K43+N43+Q43+T43 -> 57508 | D43: =+C43-B43 -> -27492 | E43: =+I43+L43+O43+R43+U43 -> 75 | F43: =+J43+M43+P43+S43+V43 -> 100.5 | H43: 14734 | I43: 17 | J43: 25.2 | K43: 8458 | L43: 16 | M43: 15.2 | N43: 19963 | O43: 23 | P43: 35 | Q43: 14353 | R43: 19 | S43: 25.1
A44: psych. s 2 | B44: 0 | C44: =+H44+K44+N44+Q44+T44 -> 0 | D44: =+C44-B44 -> 0 | E44: =+I44+L44+O44+R44+U44 -> 0 | F44: =+J44+M44+P44+S44+V44 -> 0
A45: výnosy TDZ Teplice | B45: =SUM(B46:B47) -> 0 | C45: =SUM(C46:C47) -> 0 | D45: =SUM(D46:D47) -> 0 | E45: =SUM(E46:E47) -> 0 | F45: =SUM(F46:F47) -> 0 | H45: =SUM(H46:H47) -> 0 | I45: =SUM(I46:I47) -> 0 | J45: =SUM(J46:J47) -> 0 | K45: =SUM(K46:K47) -> 0 | L45: =SUM(L46:L47) -> 0 | M45: =SUM(M46:M47) -> 0 | N45: =SUM(N46:N47) -> 0 | O45: =SUM(O46:O47) -> 0 | ... V45: =SUM(V46:V47) -> 0
A46: psych. s 1 | B46: 0 | C46: =+H46+K46+N46+Q46+T46 -> 0 | D46: =+C46-B46 -> 0 | E46: =+I46+L46+O46+R46+U46 -> 0 | F46: =+J46+M46+P46+S46+V46 -> 0
A47: psych. s 2 | B47: 0 | C47: =+H47+K47+N47+Q47+T47 -> 0 | D47: =+C47-B47 -> 0 | E47: =+I47+L47+O47+R47+U47 -> 0 | F47: =+J47+M47+P47+S47+V47 -> 0
A48: výnosy TDZ pro děti | B48: =SUM(B49:B50) -> 0 | C48: =SUM(C49:C50) -> 0 | D48: =SUM(D49:D50) -> 0 | E48: =SUM(E49:E50) -> 0 | F48: =SUM(F49:F50) -> 0 | H48: =SUM(H49:H50) -> 0 | I48: =SUM(I49:I50) -> 0 | J48: =SUM(J49:J50) -> 0 | K48: =SUM(K49:K50) -> 0 | L48: =SUM(L49:L50) -> 0 | M48: =SUM(M49:M50) -> 0 | N48: =SUM(N49:N50) -> 0 | O48: =SUM(O49:O50) -> 0 | ... V48: =SUM(V49:V50) -> 0
A49: psych. s 1 | B49: 0 | C49: =+H49+K49+N49+Q49+T49 -> 0 | D49: =+C49-B49 -> 0 | E49: =+I49+L49+O49+R49+U49 -> 0 | F49: =+J49+M49+P49+S49+V49 -> 0
A50: psych. s 2 | B50: 0 | C50: =+H50+K50+N50+Q50+T50 -> 0 | D50: =+C50-B50 -> 0 | E50: =+I50+L50+O50+R50+U50 -> 0 | F50: =+J50+M50+P50+S50+V50 -> 0
A51: VÝNOSY CELKEM | B51: =+B48+B39+B30+B21+B12+B3+B45+B42 -> 1510000 | C51: =+C48+C39+C30+C21+C12+C3+C45+C42 -> 1036758 | D51: =+D48+D39+D30+D21+D12+D3+D45+D42 -> -473242 | E51: =+E48+E39+E30+E21+E12+E3+E45+E42 -> 1088 | F51: =+F48+F39+F30+F21+F12+F3+F45+F42 -> 1492.2 | H51: =+H48+H39+H30+H21+H12+H3+H45+H42 -> 255900 | I51: =+I48+I39+I30+I21+I12+I3+I45+I42 -> 270 | J51: =+J48+J39+J30+J21+J12+J3+J45+J42 -> 380.75 | K51: =+K48+K39+K30+K21+K12+K3+K45+K42 -> 247681 | L51: =+L48+L39+L30+L21+L12+L3+L45+L42 -> 239 | M51: =+M48+M39+M30+M21+M12+M3+M45+M42 -> 360.9 | N51: =+N48+N39+N30+N21+N12+N3+N45+N42 -> 239081 | O51: =+O48+O39+O30+O21+O12+O3+O45+O42 -> 241 | ... V51: =+V48+V39+V30+V21+V12+V3+V45+V42 -> 0
A53: NÁKLADY | B53: plán měsíce | C53: skutečnost měsíce | D53: rozdíl
A54: Mzdy a odvody pracovníků | B54: =+B55+B64+B73+B82+B91+B100+B94+B97 -> 663300 | C54: =+C55+C64+C73+C82+C91+C100+C94+C97 -> 667320 | D54: =+C54-B54 -> 4020
A55: 1. CDZ Ústí | B55: =SUM(B56:B63)*1.34 -> 372520 | C55: =SUM(C56:C63)*1.34 -> 372520 | D55: =+C55-B55 -> 0
A56: psych. s. 1 - NÁGLOVÁ | B56: 60000 | C56: =+B56 -> 60000 | D56: =+C56-B56 -> 0
A57: psych. s. 2 - HAJASOVÁ | B57: 47000 | C57: =+B57 -> 47000 | D57: =+C57-B57 -> 0
A58: psych. s. 3 - KAŠPÁRKOVÁ/Pekárová | B58: 55000 | C58: =+B58 -> 55000 | D58: =+C58-B58 -> 0
A59: psych. s. 4 - Milfajtová | B59: 0 | C59: 0 | D59: =+C59-B59 -> 0
A60: psychiatr - GÁBEL 0,2 | B60: 16000 | C60: =+B60 -> 16000 | D60: =+C60-B60 -> 0
A61: psychiatr - PFEIFFER 0,5 | B61: 85000 | C61: =+B61 -> 85000 | D61: =+C61-B61 -> 0
A62: psycholog 1 - 0,5 | B62: 15000 | C62: =+B62 -> 15000 | D62: =+C62-B62 -> 0
A63: psycholog 2 | B63: 0 | C63: 0 | D63: =+C63-B63 -> 0
A64: 2. CDZ Chomutov | B64: =SUM(B65:B72)*1.34 -> 73700 | C64: =SUM(C65:C72)*1.34 -> 73700 | D64: =+C64-B64 -> 0
A65: psych. s 1 - Blažková | B65: 55000 | C65: =+B65 -> 55000 | D65: =+C65-B65 -> 0
A66: psych. s 2 - Pátková | B66: 0 | C66: 0 | D66: =+C66-B66 -> 0
A67: psych. s 3 | B67: 0 | C67: 0 | D67: =+C67-B67 -> 0
A68: psych. s 4 | B68: 0 | C68: 0 | D68: =+C68-B68 -> 0
A69: psychiatr 1 - 0,5 od 1.4 | B69: 0 | C69: 0 | D69: =+C69-B69 -> 0
A70: psychiatr 2 | B70: 0 | C70: 0 | D70: =+C70-B70 -> 0
A71: psycholog 1 - 0,5 | B71: 0 | C71: 0 | D71: =+C71-B71 -> 0
A72: psycholog 2 | B72: 0 | C72: 0 | D72: =+C72-B72 -> 0
A73: 3. CDZ Žatec | B73: =SUM(B74:B81)*1.34 -> 100500 | C73: =SUM(C74:C81)*1.34 -> 104520 | D73: =+C73-B73 -> 4020
A74: psych. s 1 - Zelenková | B74: 75000 | C74: 78000 | D74: =+C74-B74 -> 3000
A75: psych. s 2 - Štěpánka … | B75: 0 | C75: 0 | D75: =+C75-B75 -> 0
A76: psych. s 3 - Bečvářová | B76: 0 | C76: 0 | D76: =+C76-B76 -> 0
A77: všeob. s 4 - Dušková | B77: 0 | C77: 0 | D77: =+C77-B77 -> 0
A78: psychiatr 1 - 0,5 od 1.4 | B78: 0 | C78: 0 | D78: =+C78-B78 -> 0
A79: psychiatr 2 | B79: 0 | C79: 0 | D79: =+C79-B79 -> 0
A80: psycholog 1 - 0,5 | B80: 0 | C80: 0 | D80: =+C80-B80 -> 0
A81: psycholog 2 | B81: 0 | C81: 0 | D81: =+C81-B81 -> 0
A82: 4. CDZ Litoměřice | B82: =SUM(B83:B90)*1.34 -> 0 | C82: =SUM(C83:C90)*1.34 -> 0 | D82: =+C82-B82 -> 0
A83: psych. s 1 - Štréblová 0,2 | B83: 0 | C83: 0 | D83: =+C83-B83 -> 0
A84: psych. s 2 | B84: 0 | C84: 0 | D84: =+C84-B84 -> 0
A85: psych. s 3 | B85: 0 | C85: 0 | D85: =+C85-B85 -> 0
A86: psych. s 4 | B86: 0 | C86: 0 | D86: =+C86-B86 -> 0
A87: psychiatr 1 - 0,5 | B87: 0 | C87: 0 | D87: =+C87-B87 -> 0
A88: psychiatr 2 | B88: 0 | C88: 0 | D88: =+C88-B88 -> 0
A89: psycholog 1 - 0,5 | B89: 0 | C89: 0 | D89: =+C89-B89 -> 0
A90: psycholog 2 | B90: 0 | C90: 0 | D90: =+C90-B90 -> 0
A91: 5. TDZ Děčín | B91: =SUM(B92:B93)*1.34 -> 96480 | C91: =SUM(C92:C93)*1.34 -> 96480 | D91: =+C91-B91 -> 0
A92: psych. s 1 - Jirásková | B92: 72000 | C92: =+B92 -> 72000 | D92: =+C92-B92 -> 0
A93: psych. s 2 | B93: 0 | C93: 0 | D93: =+C93-B93 -> 0
A94: 6. TDZ Most | B94: =SUM(B95:B96)*1.34 -> 20100 | C94: =SUM(C95:C96)*1.34 -> 20100 | D94: =+C94-B94 -> 0
A95: psych. s 1 Prajzová 0,5 | B95: 15000 | C95: =+B95 -> 15000 | D95: =+C95-B95 -> 0
A96: psych. s 2 | B96: 0 | C96: 0 | D96: =+C96-B96 -> 0
A97: 7. TDZ Teplice | B97: =SUM(B98:B99)*1.34 -> 0 | C97: =SUM(C98:C99)*1.34 -> 0 | D97: =+C97-B97 -> 0
A98: psych. s 1 | B98: 0 | C98: 0 | D98: =+C98-B98 -> 0
A99: psych. s 2 | B99: 0 | C99: 0 | D99: =+C99-B99 -> 0
A100: 8. TDZ pro děti | B100: =SUM(B101:B102)*1.34 -> 0 | C100: =SUM(C101:C102)*1.34 -> 0 | D100: =+C100-B100 -> 0
A101: psych. s 1 | B101: 0 | C101: 0 | D101: =+C101-B101 -> 0
...

Sheet únor 2025
A1: VÝNOSY | H1: týden 1 (zpravidla dělený s předchozím měsícem) | K1: týden 2 | N1: týden 3 | Q1: týden 4 | T1: týden 5 (zpravidla dělený s následujícím měsícem)
A2: Středisko/pracovník | B2: plán měsíce | C2: skutečnost měsíce | D2: rozdíl | E2: počet intervencí | F2: odpracováno hod. | H2: výkony /týden | I2: počet intervencí | J2: odpracováno hod. | K2: výkony /týden | L2: počet intervencí | M2: odpracováno hod. | N2: výkony /týden | O2: počet intervencí | P2: odpracováno hod. | Q2: výkony /týden | R2: počet intervencí | S2: odpracováno hod. | T2: výkony /týden | U2: počet intervencí | V2: odpracováno hod.
A3: výnosy CDZ Ústí | B3: =SUM(B4:B11) -> 915000 | C3: =SUM(C4:C11) -> 717986 | D3: =SUM(D4:D11) -> -197014 | E3: =SUM(E4:E11) -> 0 | F3: =SUM(F4:F11) -> 0 | H3: =SUM(H4:H11) -> 0 | I3: =SUM(I4:I11) -> 0 | J3: =SUM(J4:J11) -> 0 | K3: =SUM(K4:K11) -> 0 | L3: =SUM(L4:L11) -> 0 | M3: =SUM(M4:M11) -> 0 | N3: =SUM(N4:N11) -> 0 | O3: =SUM(O4:O11) -> 0 | ... V3: =SUM(V4:V11) -> 0
A4: psych. s. 1 - NÁGLOVÁ | B4: 200000 | C4: 201098 | D4: =+C4-B4 -> 1098 | E4: =+I4+L4+O4+R4+U4 -> 0 | F4: =+J4+M4+P4+S4+V4 -> 0
A5: psych. s. 2 - HAJASOVÁ | B5: 200000 | C5: 94246 | D5: =+C5-B5 -> -105754 | E5: =+I5+L5+O5+R5+U5 -> 0 | F5: =+J5+M5+P5+S5+V5 -> 0
A6: psych. s. 3 - KAŠPÁRKOVÁ/Pekárová | B6: 200000 | C6: 195875 | D6: =+C6-B6 -> -4125 | E6: =+I6+L6+O6+R6+U6 -> 0 | F6: =+J6+M6+P6+S6+V6 -> 0
A7: psych. s. 4 - | B7: 0 | C7: =+H7+K7+N7+Q7+T7 -> 0 | D7: =+C7-B7 -> 0 | E7: =+I7+L7+O7+R7+U7 -> 0 | F7: =+J7+M7+P7+S7+V7 -> 0
A8: psychiatr - GÁBEL 0,2 | B8: =450000*0.2 -> 90000 | C8: 5473 | D8: =+C8-B8 -> -84527 | E8: =+I8+L8+O8+R8+U8 -> 0 | F8: =+J8+M8+P8+S8+V8 -> 0
A9: psychiatr - PFEIFFER 0,5 na březen + doktorka | B9: =450000*0.5 -> 225000 | C9: 221294 | D9: =+C9-B9 -> -3706 | E9: =+I9+L9+O9+R9+U9 -> 0 | F9: =+J9+M9+P9+S9+V9 -> 0
A10: psycholog 1 - 0,5 | B10: 0 | C10: =+H10+K10+N10+Q10+T10 -> 0 | D10: =+C10-B10 -> 0 | E10: =+I10+L10+O10+R10+U10 -> 0 | F10: =+J10+M10+P10+S10+V10 -> 0
A11: psycholog 2 | B11: 0 | C11: =+H11+K11+N11+Q11+T11 -> 0 | D11: =+C11-B11 -> 0 | E11: =+I11+L11+O11+R11+U11 -> 0 | F11: =+J11+M11+P11+S11+V11 -> 0
A12: výnosy CDZ Chomutov | B12: =SUM(B13:B20) -> 170000 | C12: =SUM(C13:C20) -> 75476 | D12: =SUM(D13:D20) -> -94524 | E12: =SUM(E13:E20) -> 0 | F12: =SUM(F13:F20) -> 0 | H12: =SUM(H13:H20) -> 0 | I12: =SUM(I13:I20) -> 0 | J12: =SUM(J13:J20) -> 0 | K12: =SUM(K13:K20) -> 0 | L12: =SUM(L13:L20) -> 0 | M12: =SUM(M13:M20) -> 0 | N12: =SUM(N13:N20) -> 0 | O12: =SUM(O13:O20) -> 0 | ... V12: =SUM(V13:V20) -> 0
A13: psych. s 1 - Blažková | B13: =200000*0.85 -> 170000 | C13: 75476 | D13: =+C13-B13 -> -94524 | E13: =+I13+L13+O13+R13+U13 -> 0 | F13: =+J13+M13+P13+S13+V13 -> 0
A14: psych. s 2 - Pátková od 1.3 | B14: 0 | C14: =+H14+K14+N14+Q14+T14 -> 0 | D14: =+C14-B14 -> 0 | E14: =+I14+L14+O14+R14+U14 -> 0 | F14: =+J14+M14+P14+S14+V14 -> 0
A15: psych. s 3 | B15: 0 | C15: =+H15+K15+N15+Q15+T15 -> 0 | D15: =+C15-B15 -> 0 | E15: =+I15+L15+O15+R15+U15 -> 0 | F15: =+J15+M15+P15+S15+V15 -> 0
A16: psych. s 4 | B16: 0 | C16: =+H16+K16+N16+Q16+T16 -> 0 | D16: =+C16-B16 -> 0 | E16: =+I16+L16+O16+R16+U16 -> 0 | F16: =+J16+M16+P16+S16+V16 -> 0
A17: psychiatr 1 - 0,5 od 1.4 | B17: 0 | C17: =+H17+K17+N17+Q17+T17 -> 0 | D17: =+C17-B17 -> 0 | E17: =+I17+L17+O17+R17+U17 -> 0 | F17: =+J17+M17+P17+S17+V17 -> 0
A18: psychiatr 2 | B18: 0 | C18: =+H18+K18+N18+Q18+T18 -> 0 | D18: =+C18-B18 -> 0 | E18: =+I18+L18+O18+R18+U18 -> 0 | F18: =+J18+M18+P18+S18+V18 -> 0
A19: psycholog 1 - 0,5 | B19: 0 | C19: =+H19+K19+N19+Q19+T19 -> 0 | D19: =+C19-B19 -> 0 | E19: =+I19+L19+O19+R19+U19 -> 0 | F19: =+J19+M19+P19+S19+V19 -> 0
A20: psycholog 2 | B20: 0 | C20: =+H20+K20+N20+Q20+T20 -> 0 | D20: =+C20-B20 -> 0 | E20: =+I20+L20+O20+R20+U20 -> 0 | F20: =+J20+M20+P20+S20+V20 -> 0
A21: výnosy CDZ Žatec | B21: =SUM(B22:B29) -> 170000 | C21: =SUM(C22:C29) -> 99147 | D21: =SUM(D22:D29) -> -70853 | E21: =SUM(E22:E29) -> 0 | F21: =SUM(F22:F29) -> 0 | H21: =SUM(H22:H29) -> 0 | I21: =SUM(I22:I29) -> 0 | J21: =SUM(J22:J29) -> 0 | K21: =SUM(K22:K29) -> 0 | L21: =SUM(L22:L29) -> 0 | M21: =SUM(M22:M29) -> 0 | N21: =SUM(N22:N29) -> 0 | O21: =SUM(O22:O29) -> 0 | ... V21: =SUM(V22:V29) -> 0
A22: psych. s 1 - ZELENKOVÁ | B22: =200000*0.85 -> 170000 | C22: 99147 | D22: =+C22-B22 -> -70853 | E22: =+I22+L22+O22+R22+U22 -> 0 | F22: =+J22+M22+P22+S22+V22 -> 0
A23: psych. s 2 - Štěpánka … | B23: 0 | C23: =+H23+K23+N23+Q23+T23 -> 0 | D23: =+C23-B23 -> 0 | E23: =+I23+L23+O23+R23+U23 -> 0 | F23: =+J23+M23+P23+S23+V23 -> 0
A24: psych. s 3 - Bečvářová | B24: 0 | C24: =+H24+K24+N24+Q24+T24 -> 0 | D24: =+C24-B24 -> 0 | E24: =+I24+L24+O24+R24+U24 -> 0 | F24: =+J24+M24+P24+S24+V24 -> 0
A25: všeob. s 4 - Dušková | B25: 0 | C25: =+H25+K25+N25+Q25+T25 -> 0 | D25: =+C25-B25 -> 0 | E25: =+I25+L25+O25+R25+U25 -> 0 | F25: =+J25+M25+P25+S25+V25 -> 0
A26: psychiatr 1 - 0,5 od 1.4 | B26: 0 | C26: =+H26+K26+N26+Q26+T26 -> 0 | D26: =+C26-B26 -> 0 | E26: =+I26+L26+O26+R26+U26 -> 0 | F26: =+J26+M26+P26+S26+V26 -> 0
A27: psychiatr 2 | B27: 0 | C27: =+H27+K27+N27+Q27+T27 -> 0 | D27: =+C27-B27 -> 0 | E27: =+I27+L27+O27+R27+U27 -> 0 | F27: =+J27+M27+P27+S27+V27 -> 0
A28: psycholog 1 - 0,5 | B28: 0 | C28: =+H28+K28+N28+Q28+T28 -> 0 | D28: =+C28-B28 -> 0 | E28: =+I28+L28+O28+R28+U28 -> 0 | F28: =+J28+M28+P28+S28+V28 -> 0
A29: psycholog 2 | B29: 0 | C29: =+H29+K29+N29+Q29+T29 -> 0 | D29: =+C29-B29 -> 0 | E29: =+I29+L29+O29+R29+U29 -> 0 | F29: =+J29+M29+P29+S29+V29 -> 0
A30: výnosy CDZ Litoměřice | B30: =SUM(B31:B38) -> 0 | C30: =SUM(C31:C38) -> 0 | D30: =SUM(D31:D38) -> 0 | E30: =SUM(E31:E38) -> 0 | F30: =SUM(F31:F38) -> 0 | H30: =SUM(H31:H38) -> 0 | I30: =SUM(I31:I38) -> 0 | J30: =SUM(J31:J38) -> 0 | K30: =SUM(K31:K38) -> 0 | L30: =SUM(L31:L38) -> 0 | M30: =SUM(M31:M38) -> 0 | N30: =SUM(N31:N38) -> 0 | O30: =SUM(O31:O38) -> 0 | ... V30: =SUM(V31:V38) -> 0
A31: psych. s 1 - Štréblová 0,2 od 1.3 od 5 celý | B31: 0 | C31: =+H31+K31+N31+Q31+T31 -> 0 | D31: =+C31-B31 -> 0 | E31: =+I31+L31+O31+R31+U31 -> 0 | F31: =+J31+M31+P31+S31+V31 -> 0
A32: psych. s 2 | B32: 0 | C32: =+H32+K32+N32+Q32+T32 -> 0 | D32: =+C32-B32 -> 0 | E32: =+I32+L32+O32+R32+U32 -> 0 | F32: =+J32+M32+P32+S32+V32 -> 0
A33: psych. s 3 | B33: 0 | C33: =+H33+K33+N33+Q33+T33 -> 0 | D33: =+C33-B33 -> 0 | E33: =+I33+L33+O33+R33+U33 -> 0 | F33: =+J33+M33+P33+S33+V33 -> 0
A34: psych. s 4 | B34: 0 | C34: =+H34+K34+N34+Q34+T34 -> 0 | D34: =+C34-B34 -> 0 | E34: =+I34+L34+O34+R34+U34 -> 0 | F34: =+J34+M34+P34+S34+V34 -> 0
A35: psychiatr 1 - 0,5 | B35: 0 | C35: =+H35+K35+N35+Q35+T35 -> 0 | D35: =+C35-B35 -> 0 | E35: =+I35+L35+O35+R35+U35 -> 0 | F35: =+J35+M35+P35+S35+V35 -> 0
A36: psychiatr 2 | B36: 0 | C36: =+H36+K36+N36+Q36+T36 -> 0 | D36: =+C36-B36 -> 0 | E36: =+I36+L36+O36+R36+U36 -> 0 | F36: =+J36+M36+P36+S36+V36 -> 0
A37: psycholog 1 - 0,5 | B37: 0 | C37: =+H37+K37+N37+Q37+T37 -> 0 | D37: =+C37-B37 -> 0 | E37: =+I37+L37+O37+R37+U37 -> 0 | F37: =+J37+M37+P37+S37+V37 -> 0
A38: psycholog 2 | B38: 0 | C38: =+H38+K38+N38+Q38+T38 -> 0 | D38: =+C38-B38 -> 0 | E38: =+I38+L38+O38+R38+U38 -> 0 | F38: =+J38+M38+P38+S38+V38 -> 0
A39: výnosy TDZ Děčín | B39: =SUM(B40:B41) -> 170000 | C39: =SUM(C40:C41) -> 43249 | D39: =SUM(D40:D41) -> -126751 | E39: =SUM(E40:E41) -> 0 | F39: =SUM(F40:F41) -> 0 | H39: =SUM(H40:H41) -> 0 | I39: =SUM(I40:I41) -> 0 | J39: =SUM(J40:J41) -> 0 | K39: =SUM(K40:K41) -> 0 | L39: =SUM(L40:L41) -> 0 | M39: =SUM(M40:M41) -> 0 | N39: =SUM(N40:N41) -> 0 | O39: =SUM(O40:O41) -> 0 | ... V39: =SUM(V40:V41) -> 0
A40: psych. s 1 - Jirásková | B40: =200000*0.85 -> 170000 | C40: 43249 | D40: =+C40-B40 -> -126751 | E40: =+I40+L40+O40+R40+U40 -> 0 | F40: =+J40+M40+P40+S40+V40 -> 0
A41: psych. s 2 | B41: 0 | C41: =+H41+K41+N41+Q41+T41 -> 0 | D41: =+C41-B41 -> 0 | E41: =+I41+L41+O41+R41+U41 -> 0 | F41: =+J41+M41+P41+S41+V41 -> 0
A42: výnosy TDZ Most | B42: =SUM(B43:B44) -> 85000 | C42: =SUM(C43:C44) -> 52946 | D42: =SUM(D43:D44) -> -32054 | E42: =SUM(E43:E44) -> 0 | F42: =SUM(F43:F44) -> 0 | H42: =SUM(H43:H44) -> 0 | I42: =SUM(I43:I44) -> 0 | J42: =SUM(J43:J44) -> 0 | K42: =SUM(K43:K44) -> 0 | L42: =SUM(L43:L44) -> 0 | M42: =SUM(M43:M44) -> 0 | N42: =SUM(N43:N44) -> 0 | O42: =SUM(O43:O44) -> 0 | ... V42: =SUM(V43:V44) -> 0
A43: psych. s 1 Prajzová 0,5 | B43: =200000/2*0.85 -> 85000 | C43: 52946 | D43: =+C43-B43 -> -32054 | E43: =+I43+L43+O43+R43+U43 -> 0 | F43: =+J43+M43+P43+S43+V43 -> 0
A44: psych. s 2 | B44: 0 | C44: =+H44+K44+N44+Q44+T44 -> 0 | D44: =+C44-B44 -> 0 | E44: =+I44+L44+O44+R44+U44 -> 0 | F44: =+J44+M44+P44+S44+V44 -> 0
A45: výnosy TDZ Teplice | B45: =SUM(B46:B47) -> 0 | C45: =SUM(C46:C47) -> 0 | D45: =SUM(D46:D47) -> 0 | E45: =SUM(E46:E47) -> 0 | F45: =SUM(F46:F47) -> 0 | H45: =SUM(H46:H47) -> 0 | I45: =SUM(I46:I47) -> 0 | J45: =SUM(J46:J47) -> 0 | K45: =SUM(K46:K47) -> 0 | L45: =SUM(L46:L47) -> 0 | M45: =SUM(M46:M47) -> 0 | N45: =SUM(N46:N47) -> 0 | O45: =SUM(O46:O47) -> 0 | ... V45: =SUM(V46:V47) -> 0
A46: psych. s 1 | B46: 0 | C46: =+H46+K46+N46+Q46+T46 -> 0 | D46: =+C46-B46 -> 0 | E46: =+I46+L46+O46+R46+U46 -> 0 | F46: =+J46+M46+P46+S46+V46 -> 0
A47: psych. s 2 | B47: 0 | C47: =+H47+K47+N47+Q47+T47 -> 0 | D47: =+C47-B47 -> 0 | E47: =+I47+L47+O47+R47+U47 -> 0 | F47: =+J47+M47+P47+S47+V47 -> 0
A48: výnosy TDZ pro děti | B48: =SUM(B49:B50) -> 0 | C48: =SUM(C49:C50) -> 0 | D48: =SUM(D49:D50) -> 0 | E48: =SUM(E49:E50) -> 0 | F48: =SUM(F49:F50) -> 0 | H48: =SUM(H49:H50) -> 0 | I48: =SUM(I49:I50) -> 0 | J48: =SUM(J49:J50) -> 0 | K48: =SUM(K49:K50) -> 0 | L48: =SUM(L49:L50) -> 0 | M48: =SUM(M49:M50) -> 0 | N48: =SUM(N49:N50) -> 0 | O48: =SUM(O49:O50) -> 0 | ... V48: =SUM(V49:V50) -> 0
A49: psych. s 1 | B49: 0 | C49: =+H49+K49+N49+Q49+T49 -> 0 | D49: =+C49-B49 -> 0 | E49: =+I49+L49+O49+R49+U49 -> 0 | F49: =+J49+M49+P49+S49+V49 -> 0
A50: psych. s 2 | B50: 0 | C50: =+H50+K50+N50+Q50+T50 -> 0 | D50: =+C50-B50 -> 0 | E50: =+I50+L50+O50+R50+U50 -> 0 | F50: =+J50+M50+P50+S50+V50 -> 0
A51: VÝNOSY CELKEM | B51: =+B48+B39+B30+B21+B12+B3+B45+B42 -> 1510000 | C51: =+C48+C39+C30+C21+C12+C3+C45+C42 -> 988804 | D51: =+D48+D39+D30+D21+D12+D3+D45+D42 -> -521196 | E51: =+E48+E39+E30+E21+E12+E3+E45+E42 -> 0 | F51: =+F48+F39+F30+F21+F12+F3+F45+F42 -> 0 | H51: =+H48+H39+H30+H21+H12+H3+H45+H42 -> 0 | I51: =+I48+I39+I30+I21+I12+I3+I45+I42 -> 0 | J51: =+J48+J39+J30+J21+J12+J3+J45+J42 -> 0 | K51: =+K48+K39+K30+K21+K12+K3+K45+K42 -> 0 | L51: =+L48+L39+L30+L21+L12+L3+L45+L42 -> 0 | M51: =+M48+M39+M30+M21+M12+M3+M45+M42 -> 0 | N51: =+N48+N39+N30+N21+N12+N3+N45+N42 -> 0 | O51: =+O48+O39+O30+O21+O12+O3+O45+O42 -> 0 | ... V51: =+V48+V39+V30+V21+V12+V3+V45+V42 -> 0
A53: NÁKLADY | B53: plán měsíce | C53: skutečnost měsíce | D53: rozdíl
A54: Mzdy a odvody pracovníků | B54: =+B55+B64+B73+B82+B91+B100+B94+B97 -> 663300 | C54: =+C55+C64+C73+C82+C91+C100+C94+C97 -> 674154 | D54: =+C54-B54 -> 10854
A55: 1. CDZ Ústí | B55: =SUM(B56:B63)*1.34 -> 372520 | C55: =SUM(C56:C63)*1.34 -> 379354 | D55: =+C55-B55 -> 6834
A56: psych. s. 1 - NÁGLOVÁ | B56: 60000 | C56: 62550 | D56: =+C56-B56 -> 2550
A57: psych. s. 2 - HAJASOVÁ | B57: 47000 | C57: 49550 | D57: =+C57-B57 -> 2550
A58: psych. s. 3 - KAŠPÁRKOVÁ/Pekárová | B58: 55000 | C58: 55000 | D58: =+C58-B58 -> 0
A59: psych. s. 4 - Milfajtová | B59: 0 | C59: 0 | D59: =+C59-B59 -> 0
A60: psychiatr - GÁBEL 0,2 | B60: 16000 | C60: 16000 | D60: =+C60-B60 -> 0
A61: psychiatr - PFEIFFER 0,5 | B61: 85000 | C61: 85000 | D61: =+C61-B61 -> 0
A62: psycholog 1 - 0,5 | B62: 15000 | C62: 15000 | D62: =+C62-B62 -> 0
A63: psycholog 2 | B63: 0 | C63: 0 | D63: =+C63-B63 -> 0
A64: 2. CDZ Chomutov | B64: =SUM(B65:B72)*1.34 -> 73700 | C64: =SUM(C65:C72)*1.34 -> 75710 | D64: =+C64-B64 -> 2010
A65: psych. s 1 - Blažková | B65: 55000 | C65: 56500 | D65: =+C65-B65 -> 1500
A66: psych. s 2 - Pátková | B66: 0 | C66: 0 | D66: =+C66-B66 -> 0
A67: psych. s 3 | B67: 0 | C67: 0 | D67: =+C67-B67 -> 0
A68: psych. s 4 | B68: 0 | C68: 0 | D68: =+C68-B68 -> 0
A69: psychiatr 1 - 0,5 od 1.4 | B69: 0 | C69: 0 | D69: =+C69-B69 -> 0
A70: psychiatr 2 | B70: 0 | C70: 0 | D70: =+C70-B70 -> 0
A71: psycholog 1 - 0,5 | B71: 0 | C71: 0 | D71: =+C71-B71 -> 0
A72: psycholog 2 | B72: 0 | C72: 0 | D72: =+C72-B72 -> 0
A73: 3. CDZ Žatec | B73: =SUM(B74:B81)*1.34 -> 100500 | C73: =SUM(C74:C81)*1.34 -> 102510 | D73: =+C73-B73 -> 2010
A74: psych. s 1 - Zelenková | B74: 75000 | C74: 76500 | D74: =+C74-B74 -> 1500
A75: psych. s 2 - Štěpánka … | B75: 0 | C75: 0 | D75: =+C75-B75 -> 0
A76: psych. s 3 - Bečvářová | B76: 0 | C76: 0 | D76: =+C76-B76 -> 0
A77: všeob. s 4 - Dušková | B77: 0 | C77: 0 | D77: =+C77-B77 -> 0
A78: psychiatr 1 - 0,5 od 1.4 | B78: 0 | C78: 0 | D78: =+C78-B78 -> 0
A79: psychiatr 2 | B79: 0 | C79: 0 | D79: =+C79-B79 -> 0
A80: psycholog 1 - 0,5 | B80: 0 | C80: 0 | D80: =+C80-B80 -> 0
A81: psycholog 2 | B81: 0 | C81: 0 | D81: =+C81-B81 -> 0
A82: 4. CDZ Litoměřice | B82: =SUM(B83:B90)*1.34 -> 0 | C82: =SUM(C83:C90)*1.34 -> 0 | D82: =+C82-B82 -> 0
A83: psych. s 1 - Štréblová 0,2 | B83: 0 | C83: 0 | D83: =+C83-B83 -> 0
A84: psych. s 2 | B84: 0 | C84: 0 | D84: =+C84-B84 -> 0
A85: psych. s 3 | B85: 0 | C85: 0 | D85: =+C85-B85 -> 0
A86: psych. s 4 | B86: 0 | C86: 0 | D86: =+C86-B86 -> 0
A87: psychiatr 1 - 0,5 | B87: 0 | C87: 0 | D87: =+C87-B87 -> 0
A88: psychiatr 2 | B88: 0 | C88: 0 | D88: =+C88-B88 -> 0
A89: psycholog 1 - 0,5 | B89: 0 | C89: 0 | D89: =+C89-B89 -> 0
A90: psycholog 2 | B90: 0 | C90: 0 | D90: =+C90-B90 -> 0
A91: 5. TDZ Děčín | B91: =SUM(B92:B93)*1.34 -> 96480 | C91: =SUM(C92:C93)*1.34 -> 96480 | D91: =+C91-B91 -> 0
A92: psych. s 1 - Jirásková | B92: 72000 | C92: 72000 | D92: =+C92-B92 -> 0
A93: psych. s 2 | B93: 0 | C93: 0 | D93: =+C93-B93 -> 0
A94: 6. TDZ Most | B94: =SUM(B95:B96)*1.34 -> 20100 | C94: =SUM(C95:C96)*1.34 -> 20100 | D94: =+C94-B94 -> 0
A95: psych. s 1 Prajzová 0,5 | B95: 15000 | C95: 15000 | D95: =+C95-B95 -> 0
A96: psych. s 2 | B96: 0 | C96: 0 | D96: =+C96-B96 -> 0
A97: 7. TDZ Teplice | B97: =SUM(B98:B99)*1.34 -> 0 | C97: =SUM(C98:C99)*1.34 -> 0 | D97: =+C97-B97 -> 0
A98: psych. s 1 | B98: 0 | C98: 0 | D98: =+C98-B98 -> 0
A99: psych. s 2 | B99: 0 | C99: 0 | D99: =+C99-B99 -> 0
A100: 8. TDZ pro děti | B100: =SUM(B101:B102)*1.34 -> 0 | C100: =SUM(C101:C102)*1.34 -> 0 | D100: =+C100-B100 -> 0
A101: psych. s 1 | B101: 0 | C101: 0 | D101: =+C101-B101 -> 0
...

Sheet březen 2025
A1: VÝNOSY | H1: týden 1 (zpravidla dělený s předchozím měsícem) | K1: týden 2 | N1: týden 3 | Q1: týden 4 | T1: týden 5 (zpravidla dělený s následujícím měsícem)
A2: Středisko/pracovník | B2: plán měsíce | C2: skutečnost měsíce | D2: rozdíl | E2: počet intervencí | F2: odpracováno hod. | H2: výkony /týden | I2: počet intervencí | J2: odpracováno hod. | K2: výkony /týden | L2: počet intervencí | M2: odpracováno hod. | N2: výkony /týden | O2: počet intervencí | P2: odpracováno hod. | Q2: výkony /týden | R2: počet intervencí | S2: odpracováno hod. | T2: výkony /týden | U2: počet intervencí | V2: odpracováno hod.
A3: výnosy CDZ Ústí | B3: =SUM(B4:B11) -> 1535000 | C3: =SUM(C4:C11) -> 1117149.8 | D3: =SUM(D4:D11) -> -417850.16 | E3: =SUM(E4:E11) -> 921 | F3: =SUM(F4:F11) -> 57.725694 | H3: =SUM(H4:H11) -> 225912.24 | I3: =SUM(I4:I11) -> 187 | J3: =SUM(J4:J11) -> 11.319444 | K3: =SUM(K4:K11) -> 270351 | L3: =SUM(L4:L11) -> 217 | M3: =SUM(M4:M11) -> 13.986111 | N3: =SUM(N4:N11) -> 272258.28 | O3: =SUM(O4:O11) -> 233 | ... V3: =SUM(V4:V11) -> 3.6944444
A4: psych. s. 1 - NÁGLOVÁ | B4: 200000 | C4: =+H4+K4+N4+Q4+T4 -> 208010.16 | D4: =+C4-B4 -> 8010.16 | E4: =+I4+L4+O4+R4+U4 -> 215 | F4: =+J4+M4+P4+S4+V4 -> 12.770833 | H4: 46651.68 | I4: 52 | J4: 2.8888889 | K4: 43586.64 | L4: 42 | M4: 2.7083333 | N4: 45339.48 | O4: 50 | P4: 2.8472222 | Q4: 59229.36 | R4: 56 | S4: 3.5416667 | T4: 13203 | U4: 15 | V4: 0.78472222
A5: psych. s. 2 - HAJASOVÁ | B5: 200000 | C5: =+H5+K5+N5+Q5+T5 -> 150631.92 | D5: =+C5-B5 -> -49368.08 | E5: =+I5+L5+O5+R5+U5 -> 126 | F5: =+J5+M5+P5+S5+V5 -> 9.25 | K5: 50150.88 | L5: 41 | M5: 3.0416667 | N5: 44215.2 | O5: 39 | P5: 2.75 | Q5: 46954.08 | R5: 39 | S5: 2.875 | T5: 9311.76 | U5: 7 | V5: 0.58333333
A6: psych. s. 3 - KAŠPÁRKOVÁ/Pekárová | B6: 200000 | C6: =+H6+K6+N6+Q6+T6 -> 187573.32 | D6: =+C6-B6 -> -12426.68 | E6: =+I6+L6+O6+R6+U6 -> 175 | F6: =+J6+M6+P6+S6+V6 -> 11.642361 | H6: 51904.8 | I6: 48 | J6: 3.1805556 | K6: 45433.44 | L6: 44 | M6: 2.8194444 | N6: 44580.24 | O6: 44 | P6: 2.7743056 | Q6: 36343.08 | R6: 30 | S6: 2.2847222 | T6: 9311.76 | U6: 9 | V6: 0.58333333
A7: psych. s. 4 - Pátková | B7: 170000 | C7: =+H7+K7+N7+Q7+T7 -> 18856.8 | D7: =+C7-B7 -> -151143.2 | E7: =+I7+L7+O7+R7+U7 -> 15 | F7: =+J7+M7+P7+S7+V7 -> 1.25 | N7: 6285.6 | O7: 5 | P7: 0.41666667 | Q7: 12571.2 | R7: 10 | S7: 0.83333333
A8: psychiatr - GÁBEL 0,2 | B8: =450000*0.2 -> 90000 | C8: =+H8+K8+N8+Q8+T8 -> 4887 | D8: =+C8-B8 -> -85113 | E8: =+I8+L8+O8+R8+U8 -> 25 | F8: =+J8+M8+P8+S8+V8 -> 0.17361111 | H8: 1368.36 | I8: 7 | J8: 0.048611111 | K8: 1172.88 | L8: 6 | M8: 0.041666667 | N8: 1172.88 | O8: 6 | P8: 0.041666667 | Q8: 1172.88 | R8: 6 | S8: 0.041666667
A9: psychiatr - PFEIFFER 0,5 | B9: =450000*0.5 -> 225000 | C9: =+H9+K9+N9+Q9+T9 -> 223206.84 | D9: =+C9-B9 -> -1793.16 | E9: =+I9+L9+O9+R9+U9 -> 184 | F9: =+J9+M9+P9+S9+V9 -> 9.0694444 | H9: 50715.72 | I9: 41 | J9: 2.0347222 | K9: 56906.28 | L9: 42 | M9: 2.3333333 | N9: 53327.16 | O9: 44 | P9: 2.1597222 | Q9: 45610.56 | R9: 39 | S9: 1.875 | T9: 16647.12 | U9: 18 | V9: 0.66666667
A10: psychiatr - Dr. Suchánková 1,0 | B10: =450000 -> 450000 | C10: =+H10+K10+N10+Q10+T10 -> 323983.8 | D10: =+C10-B10 -> -126016.2 | E10: =+I10+L10+O10+R10+U10 -> 181 | F10: =+J10+M10+P10+S10+V10 -> 13.569444 | H10: 75271.68 | I10: 39 | J10: 3.1666667 | K10: 73100.88 | L10: 42 | M10: 3.0416667 | N10: 77337.72 | O10: 45 | P10: 3.2291667 | Q10: 72552.24 | R10: 44 | S10: 3.0555556 | T10: 25721.28 | U10: 11 | V10: 1.0763889
A11: psycholog 2 - Lichtenbergová | B11: 0 | C11: =+H11+K11+N11+Q11+T11 -> 0 | D11: =+C11-B11 -> 0 | E11: =+I11+L11+O11+R11+U11 -> 0 | F11: =+J11+M11+P11+S11+V11 -> 0
A12: výnosy CDZ Chomutov | B12: =SUM(B13:B20) -> 170000 | C12: =SUM(C13:C20) -> 106181.04 | D12: =SUM(D13:D20) -> -63818.96 | E12: =SUM(E13:E20) -> 153 | F12: =SUM(F13:F20) -> 7.7569444 | H12: =SUM(H13:H20) -> 26473.72 | I12: =SUM(I13:I20) -> 36 | J12: =SUM(J13:J20) -> 1.9340278 | K12: =SUM(K13:K20) -> 26236.56 | L12: =SUM(L13:L20) -> 36 | M12: =SUM(M13:M20) -> 1.9166667 | N12: =SUM(N13:N20) -> 24430.42 | O12: =SUM(O13:O20) -> 34 | ... V12: =SUM(V13:V20) -> 0.32638889
A13: psych. s 1 - Blažková | B13: =200000*0.85 -> 170000 | C13: =+H13+K13+N13+Q13+T13 -> 106181.04 | D13: =+C13-B13 -> -63818.96 | E13: =+I13+L13+O13+R13+U13 -> 153 | F13: =+J13+M13+P13+S13+V13 -> 7.7569444 | H13: 26473.72 | I13: 36 | J13: 1.9340278 | K13: 26236.56 | L13: 36 | M13: 1.9166667 | N13: 24430.42 | O13: 34 | P13: 1.7847222 | Q13: 24572.52 | R13: 39 | S13: 1.7951389 | T13: 4467.82 | U13: 8 | V13: 0.32638889
A14: psych. s 2 | B14: 0 | C14: =+H14+K14+N14+Q14+T14 -> 0 | D14: =+C14-B14 -> 0 | E14: =+I14+L14+O14+R14+U14 -> 0 | F14: =+J14+M14+P14+S14+V14 -> 0
A15: psych. s 3 | B15: 0 | C15: =+H15+K15+N15+Q15+T15 -> 0 | D15: =+C15-B15 -> 0 | E15: =+I15+L15+O15+R15+U15 -> 0 | F15: =+J15+M15+P15+S15+V15 -> 0
A16: psych. s 4 | B16: 0 | C16: =+H16+K16+N16+Q16+T16 -> 0 | D16: =+C16-B16 -> 0 | E16: =+I16+L16+O16+R16+U16 -> 0 | F16: =+J16+M16+P16+S16+V16 -> 0
A17: psychiatr 1 - 0,5 od 1.4 | B17: 0 | C17: =+H17+K17+N17+Q17+T17 -> 0 | D17: =+C17-B17 -> 0 | E17: =+I17+L17+O17+R17+U17 -> 0 | F17: =+J17+M17+P17+S17+V17 -> 0
A18: psychiatr 2 | B18: 0 | C18: =+H18+K18+N18+Q18+T18 -> 0 | D18: =+C18-B18 -> 0 | E18: =+I18+L18+O18+R18+U18 -> 0 | F18: =+J18+M18+P18+S18+V18 -> 0
A19: psycholog 1 - 0,5 | B19: 0 | C19: =+H19+K19+N19+Q19+T19 -> 0 | D19: =+C19-B19 -> 0 | E19: =+I19+L19+O19+R19+U19 -> 0 | F19: =+J19+M19+P19+S19+V19 -> 0
A20: psycholog 2 | B20: 0 | C20: =+H20+K20+N20+Q20+T20 -> 0 | D20: =+C20-B20 -> 0 | E20: =+I20+L20+O20+R20+U20 -> 0 | F20: =+J20+M20+P20+S20+V20 -> 0
A21: výnosy CDZ Žatec | B21: =SUM(B22:B29) -> 170000 | C21: =SUM(C22:C29) -> 109698.26 | D21: =SUM(D22:D29) -> -60301.74 | E21: =SUM(E22:E29) -> 118 | F21: =SUM(F22:F29) -> 8.0138889 | H21: =SUM(H22:H29) -> 18916.94 | I21: =SUM(I22:I29) -> 23 | J21: =SUM(J22:J29) -> 1.3819444 | K21: =SUM(K22:K29) -> 28612.08 | L21: =SUM(L22:L29) -> 27 | M21: =SUM(M22:M29) -> 2.0902778 | N21: =SUM(N22:N29) -> 28518 | O21: =SUM(O22:O29) -> 33 | ... V21: =SUM(V22:V29) -> 0.40972222
A22: psych. s 1 - ZELENKOVÁ | B22: =200000*0.85 -> 170000 | C22: =+H22+K22+N22+Q22+T22 -> 109698.26 | D22: =+C22-B22 -> -60301.74 | E22: =+I22+L22+O22+R22+U22 -> 118 | F22: =+J22+M22+P22+S22+V22 -> 8.0138889 | H22: 18916.94 | I22: 23 | J22: 1.3819444 | K22: 28612.08 | L22: 27 | M22: 2.0902778 | N22: 28518 | O22: 33 | P22: 2.0833333 | Q22: 28042.7 | R22: 28 | S22: 2.0486111 | T22: 5608.54 | U22: 7 | V22: 0.40972222
A23: psych. s 2 - Vondráčková | B23: 0 | C23: =+H23+K23+N23+Q23+T23 -> 0 | D23: =+C23-B23 -> 0 | E23: =+I23+L23+O23+R23+U23 -> 0 | F23: =+J23+M23+P23+S23+V23 -> 0
A24: psych. s 3 - Nováková | B24: 0 | C24: =+H24+K24+N24+Q24+T24 -> 0 | D24: =+C24-B24 -> 0 | E24: =+I24+L24+O24+R24+U24 -> 0 | F24: =+J24+M24+P24+S24+V24 -> 0
A25: všeob. s 4 - Dušková | B25: 0 | C25: =+H25+K25+N25+Q25+T25 -> 0 | D25: =+C25-B25 -> 0 | E25: =+I25+L25+O25+R25+U25 -> 0 | F25: =+J25+M25+P25+S25+V25 -> 0
A26: psychiatr 1 - 0,5 od 1.4 | B26: 0 | C26: =+H26+K26+N26+Q26+T26 -> 0 | D26: =+C26-B26 -> 0 | E26: =+I26+L26+O26+R26+U26 -> 0 | F26: =+J26+M26+P26+S26+V26 -> 0
A27: psychiatr 2 | B27: 0 | C27: =+H27+K27+N27+Q27+T27 -> 0 | D27: =+C27-B27 -> 0 | E27: =+I27+L27+O27+R27+U27 -> 0 | F27: =+J27+M27+P27+S27+V27 -> 0
A28: psycholog 1 - 0,5 | B28: 0 | C28: =+H28+K28+N28+Q28+T28 -> 0 | D28: =+C28-B28 -> 0 | E28: =+I28+L28+O28+R28+U28 -> 0 | F28: =+J28+M28+P28+S28+V28 -> 0
A29: psycholog 2 | B29: 0 | C29: =+H29+K29+N29+Q29+T29 -> 0 | D29: =+C29-B29 -> 0 | E29: =+I29+L29+O29+R29+U29 -> 0 | F29: =+J29+M29+P29+S29+V29 -> 0
A30: výnosy CDZ Litoměřice | B30: =SUM(B31:B38) -> 34000 | C30: =SUM(C31:C38) -> 21388.5 | D30: =SUM(D31:D38) -> -12611.5 | E30: =SUM(E31:E38) -> 22 | F30: =SUM(F31:F38) -> 1.75 | H30: =SUM(H31:H38) -> 5275.83 | I30: =SUM(I31:I38) -> 6 | J30: =SUM(J31:J38) -> 0.47916667 | K30: =SUM(K31:K38) -> 5133.24 | L30: =SUM(L31:L38) -> 5 | M30: =SUM(M31:M38) -> 0.375 | N30: =SUM(N31:N38) -> 2851.8 | O30: =SUM(O31:O38) -> 3 | ... V30: =SUM(V31:V38) -> 0
A31: psych. s 1 - Štréblová 0,2 od 1.3 od 5 celý | B31: =200000*0.2*0.85 -> 34000 | C31: =+H31+K31+N31+Q31+T31 -> 21388.5 | D31: =+C31-B31 -> -12611.5 | E31: =+I31+L31+O31+R31+U31 -> 22 | F31: =+J31+M31+P31+S31+V31 -> 1.75 | H31: 5275.83 | I31: 6 | J31: 0.47916667 | K31: 5133.24 | L31: 5 | M31: 0.375 | N31: 2851.8 | O31: 3 | P31: 0.20833333 | Q31: 8127.63 | R31: 8 | S31: 0.6875
A32: psych. s 2 | B32: 0 | C32: =+H32+K32+N32+Q32+T32 -> 0 | D32: =+C32-B32 -> 0 | E32: =+I32+L32+O32+R32+U32 -> 0 | F32: =+J32+M32+P32+S32+V32 -> 0
A33: psych. s 3 | B33: 0 | C33: =+H33+K33+N33+Q33+T33 -> 0 | D33: =+C33-B33 -> 0 | E33: =+I33+L33+O33+R33+U33 -> 0 | F33: =+J33+M33+P33+S33+V33 -> 0
A34: psych. s 4 | B34: 0 | C34: =+H34+K34+N34+Q34+T34 -> 0 | D34: =+C34-B34 -> 0 | E34: =+I34+L34+O34+R34+U34 -> 0 | F34: =+J34+M34+P34+S34+V34 -> 0
A35: psychiatr 1 - 0,5 | B35: 0 | C35: =+H35+K35+N35+Q35+T35 -> 0 | D35: =+C35-B35 -> 0 | E35: =+I35+L35+O35+R35+U35 -> 0 | F35: =+J35+M35+P35+S35+V35 -> 0
A36: psychiatr 2 | B36: 0 | C36: =+H36+K36+N36+Q36+T36 -> 0 | D36: =+C36-B36 -> 0 | E36: =+I36+L36+O36+R36+U36 -> 0 | F36: =+J36+M36+P36+S36+V36 -> 0
A37: psycholog 1 - 0,5 | B37: 0 | C37: =+H37+K37+N37+Q37+T37 -> 0 | D37: =+C37-B37 -> 0 | E37: =+I37+L37+O37+R37+U37 -> 0 | F37: =+J37+M37+P37+S37+V37 -> 0
A38: psycholog 2 | B38: 0 | C38: =+H38+K38+N38+Q38+T38 -> 0 | D38: =+C38-B38 -> 0 | E38: =+I38+L38+O38+R38+U38 -> 0 | F38: =+J38+M38+P38+S38+V38 -> 0
A39: výnosy TDZ Děčín | B39: =SUM(B40:B41) -> 170000 | C39: =SUM(C40:C41) -> 87397.38 | D39: =SUM(D40:D41) -> -82602.62 | E39: =SUM(E40:E41) -> 108 | F39: =SUM(F40:F41) -> 6.3854167 | H39: =SUM(H40:H41) -> 23382.8 | I39: =SUM(I40:I41) -> 27 | J39: =SUM(J40:J41) -> 1.7083333 | K39: =SUM(K40:K41) -> 23096.64 | L39: =SUM(L40:L41) -> 28 | M39: =SUM(M40:M41) -> 1.6875 | N39: =SUM(N40:N41) -> 22810.48 | O39: =SUM(O40:O41) -> 30 | ... V39: =SUM(V40:V41) -> 0
A40: psych. s 1 - Jirásková | B40: =200000*0.85 -> 170000 | C40: =+H40+K40+N40+Q40+T40 -> 87397.38 | D40: =+C40-B40 -> -82602.62 | E40: =+I40+L40+O40+R40+U40 -> 108 | F40: =+J40+M40+P40+S40+V40 -> 6.3854167 | H40: 23382.8 | I40: 27 | J40: 1.7083333 | K40: 23096.64 | L40: 28 | M40: 1.6875 | N40: 22810.48 | O40: 30 | P40: 1.6666667 | Q40: 18107.46 | R40: 23 | S40: 1.3229167
A41: psych. s 2 | B41: 0 | C41: =+H41+K41+N41+Q41+T41 -> 0 | D41: =+C41-B41 -> 0 | E41: =+I41+L41+O41+R41+U41 -> 0 | F41: =+J41+M41+P41+S41+V41 -> 0
A42: výnosy TDZ Most | B42: =SUM(B43:B44) -> 85000 | C42: =SUM(C43:C44) -> 50282.82 | D42: =SUM(D43:D44) -> -34717.18 | E42: =SUM(E43:E44) -> 85 | F42: =SUM(F43:F44) -> 3.6736111 | H42: =SUM(H43:H44) -> 13308.4 | I42: =SUM(I43:I44) -> 19 | J42: =SUM(J43:J44) -> 0.97222222 | K42: =SUM(K43:K44) -> 11025 | L42: =SUM(L43:L44) -> 24 | M42: =SUM(M43:M44) -> 0.80555556 | N42: =SUM(N43:N44) -> 11405.24 | O42: =SUM(O43:O44) -> 21 | ... V42: =SUM(V43:V44) -> 0.18055556
A43: psych. s 1 Prajzová 0,5 | B43: =200000/2*0.85 -> 85000 | C43: =+H43+K43+N43+Q43+T43 -> 50282.82 | D43: =+C43-B43 -> -34717.18 | E43: =+I43+L43+O43+R43+U43 -> 85 | F43: =+J43+M43+P43+S43+V43 -> 3.6736111 | H43: 13308.4 | I43: 19 | J43: 0.97222222 | K43: 11025 | L43: 24 | M43: 0.80555556 | N43: 11405.24 | O43: 21 | P43: 0.83333333 | Q43: 12072.62 | R43: 18 | S43: 0.88194444 | T43: 2471.56 | U43: 3 | V43: 0.18055556
A44: psych. s 2 | B44: 0 | C44: =+H44+K44+N44+Q44+T44 -> 0 | D44: =+C44-B44 -> 0 | E44: =+I44+L44+O44+R44+U44 -> 0 | F44: =+J44+M44+P44+S44+V44 -> 0
A45: výnosy TDZ Teplice | B45: =SUM(B46:B47) -> 0 | C45: =SUM(C46:C47) -> 0 | D45: =SUM(D46:D47) -> 0 | E45: =SUM(E46:E47) -> 0 | F45: =SUM(F46:F47) -> 0 | H45: =SUM(H46:H47) -> 0 | I45: =SUM(I46:I47) -> 0 | J45: =SUM(J46:J47) -> 0 | K45: =SUM(K46:K47) -> 0 | L45: =SUM(L46:L47) -> 0 | M45: =SUM(M46:M47) -> 0 | N45: =SUM(N46:N47) -> 0 | O45: =SUM(O46:O47) -> 0 | ... V45: =SUM(V46:V47) -> 0
A46: psych. s 1 | B46: 0 | C46: =+H46+K46+N46+Q46+T46 -> 0 | D46: =+C46-B46 -> 0 | E46: =+I46+L46+O46+R46+U46 -> 0 | F46: =+J46+M46+P46+S46+V46 -> 0
A47: psych. s 2 | B47: 0 | C47: =+H47+K47+N47+Q47+T47 -> 0 | D47: =+C47-B47 -> 0 | E47: =+I47+L47+O47+R47+U47 -> 0 | F47: =+J47+M47+P47+S47+V47 -> 0
A48: výnosy TDZ pro děti | B48: =SUM(B49:B50) -> 0 | C48: =SUM(C49:C50) -> 0 | D48: =SUM(D49:D50) -> 0 | E48: =SUM(E49:E50) -> 0 | F48: =SUM(F49:F50) -> 0 | H48: =SUM(H49:H50) -> 0 | I48: =SUM(I49:I50) -> 0 | J48: =SUM(J49:J50) -> 0 | K48: =SUM(K49:K50) -> 0 | L48: =SUM(L49:L50) -> 0 | M48: =SUM(M49:M50) -> 0 | N48: =SUM(N49:N50) -> 0 | O48: =SUM(O49:O50) -> 0 | ... V48: =SUM(V49:V50) -> 0
A49: psych. s 1 | B49: 0 | C49: =+H49+K49+N49+Q49+T49 -> 0 | D49: =+C49-B49 -> 0 | E49: =+I49+L49+O49+R49+U49 -> 0 | F49: =+J49+M49+P49+S49+V49 -> 0
A50: psych. s 2 | B50: 0 | C50: =+H50+K50+N50+Q50+T50 -> 0 | D50: =+C50-B50 -> 0 | E50: =+I50+L50+O50+R50+U50 -> 0 | F50: =+J50+M50+P50+S50+V50 -> 0
A51: VÝNOSY CELKEM | B51: =+B48+B39+B30+B21+B12+B3+B45+B42 -> 2164000 | C51: =+C48+C39+C30+C21+C12+C3+C45+C42 -> 1492097.8 | D51: =+D48+D39+D30+D21+D12+D3+D45+D42 -> -671902.16 | E51: =+E48+E39+E30+E21+E12+E3+E45+E42 -> 1407 | F51: =+F48+F39+F30+F21+F12+F3+F45+F42 -> 85.305556 | H51: =+H48+H39+H30+H21+H12+H3+H45+H42 -> 313269.93 | I51: =+I48+I39+I30+I21+I12+I3+I45+I42 -> 298 | J51: =+J48+J39+J30+J21+J12+J3+J45+J42 -> 17.795139 | K51: =+K48+K39+K30+K21+K12+K3+K45+K42 -> 364454.52 | L51: =+L48+L39+L30+L21+L12+L3+L45+L42 -> 337 | M51: =+M48+M39+M30+M21+M12+M3+M45+M42 -> 20.861111 | N51: =+N48+N39+N30+N21+N12+N3+N45+N42 -> 362274.22 | O51: =+O48+O39+O30+O21+O12+O3+O45+O42 -> 354 | ... V51: =+V48+V39+V30+V21+V12+V3+V45+V42 -> 4.6111111
A53: NÁKLADY | B53: plán měsíce | C53: skutečnost měsíce | D53: rozdíl
A54: Mzdy a odvody pracovníků | B54: =+B55+B64+B73+B82+B91+B100+B94+B97 -> 970160 | C54: =+C55+C64+C73+C82+C91+C100+C94+C97 -> 979607 | D54: =+C54-B54 -> 9447
A55: 1. CDZ Ústí | B55: =SUM(B56:B63)*1.34 -> 660620 | C55: =SUM(C56:C63)*1.34 -> 664037 | D55: =+C55-B55 -> 3417
A56: =+A4 -> psych. s. 1 - NÁGLOVÁ | B56: 60000 | C56: 60000 | D56: =+C56-B56 -> 0
A57: =+A5 -> psych. s. 2 - HAJASOVÁ | B57: 47000 | C57: 49550 | D57: =+C57-B57 -> 2550
A58: =+A6 -> psych. s. 3 - KAŠPÁRKOVÁ/Pekárová | B58: 55000 | C58: 55000 | D58: =+C58-B58 -> 0
A59: =+A7 -> psych. s. 4 - Pátková | B59: 60000 | C59: 60000 | D59: =+C59-B59 -> 0
A60: =+A8 -> psychiatr - GÁBEL 0,2 | B60: 16000 | C60: 16000 | D60: =+C60-B60 -> 0
A61: =+A9 -> psychiatr - PFEIFFER 0,5 | B61: 85000 | C61: 85000 | D61: =+C61-B61 -> 0
A62: =+A10 -> psychiatr - Dr. Suchánková 1,0 | B62: 155000 | C62: 155000 | D62: =+C62-B62 -> 0
A63: =+A11 -> psycholog 2 - Lichtenbergová | B63: 15000 | C63: 15000 | D63: =+C63-B63 -> 0
A64: 2. CDZ Chomutov | B64: =SUM(B65:B72)*1.34 -> 73700 | C64: =SUM(C65:C72)*1.34 -> 75710 | D64: =+C64-B64 -> 2010
A65: =+A13 -> psych. s 1 - Blažková | B65: 55000 | C65: 56500 | D65: =+C65-B65 -> 1500
A66: =+A14 -> psych. s 2 | B66: 0 | C66: 0 | D66: =+C66-B66 -> 0
A67: psych. s 3 | B67: 0 | C67: 0 | D67: =+C67-B67 -> 0
A68: psych. s 4 | B68: 0 | C68: 0 | D68: =+C68-B68 -> 0
A69: psychiatr 1 - 0,5 od 1.4 | B69: 0 | C69: 0 | D69: =+C69-B69 -> 0
A70: psychiatr 2 | B70: 0 | C70: 0 | D70: =+C70-B70 -> 0
A71: psycholog 1 - 0,5 | B71: 0 | C71: 0 | D71: =+C71-B71 -> 0
A72: psycholog 2 | B72: 0 | C72: 0 | D72: =+C72-B72 -> 0
A73: 3. CDZ Žatec | B73: =SUM(B74:B81)*1.34 -> 100500 | C73: =SUM(C74:C81)*1.34 -> 104520 | D73: =+C73-B73 -> 4020
A74: =+A22 -> psych. s 1 - ZELENKOVÁ | B74: 75000 | C74: 78000 | D74: =+C74-B74 -> 3000
A75: =+A23 -> psych. s 2 - Vondráčková | B75: 0 | C75: 0 | D75: =+C75-B75 -> 0
A76: =+A24 -> psych. s 3 - Nováková | B76: 0 | C76: 0 | D76: =+C76-B76 -> 0
A77: =+A25 -> všeob. s 4 - Dušková | B77: 0 | C77: 0 | D77: =+C77-B77 -> 0
A78: psychiatr 1 - 0,5 od 1.4 | B78: 0 | C78: 0 | D78: =+C78-B78 -> 0
A79: psychiatr 2 | B79: 0 | C79: 0 | D79: =+C79-B79 -> 0
A80: psycholog 1 - 0,5 | B80: 0 | C80: 0 | D80: =+C80-B80 -> 0
A81: psycholog 2 | B81: 0 | C81: 0 | D81: =+C81-B81 -> 0
A82: 4. CDZ Litoměřice | B82: =SUM(B83:B90)*1.34 -> 18760 | C82: =SUM(C83:C90)*1.34 -> 18760 | D82: =+C82-B82 -> 0
A83: psych. s 1 - Štréblová 0,2 | B83: 14000 | C83: 14000 | D83: =+C83-B83 -> 0
A84: psych. s 2 | B84: 0 | C84: 0 | D84: =+C84-B84 -> 0
A85: psych. s 3 | B85: 0 | C85: 0 | D85: =+C85-B85 -> 0
A86: psych. s 4 | B86: 0 | C86: 0 | D86: =+C86-B86 -> 0
A87: psychiatr 1 - 0,5 | B87: 0 | C87: 0 | D87: =+C87-B87 -> 0
A88: psychiatr 2 | B88: 0 | C88: 0 | D88: =+C88-B88 -> 0
A89: psycholog 1 - 0,5 | B89: 0 | C89: 0 | D89: =+C89-B89 -> 0
A90: psycholog 2 | B90: 0 | C90: 0 | D90: =+C90-B90 -> 0
A91: 5. TDZ Děčín | B91: =SUM(B92:B93)*1.34 -> 96480 | C91: =SUM(C92:C93)*1.34 -> 96480 | D91: =+C91-B91 -> 0
A92: psych. s 1 - Jirásková | B92: 72000 | C92: 72000 | D92: =+C92-B92 -> 0
A93: psych. s 2 | B93: 0 | C93: 0 | D93: =+C93-B93 -> 0
A94: 6. TDZ Most | B94: =SUM(B95:B96)*1.34 -> 20100 | C94: =SUM(C95:C96)*1.34 -> 20100 | D94: =+C94-B94 -> 0
A95: psych. s 1 Prajzová 0,5 | B95: 15000 | C95: 15000 | D95: =+C95-B95 -> 0
A96: psych. s 2 | B96: 0 | C96: 0 | D96: =+C96-B96 -> 0
A97: 7. TDZ Teplice | B97: =SUM(B98:B99)*1.34 -> 0 | C97: =SUM(C98:C99)*1.34 -> 0 | D97: =+C97-B97 -> 0
A98: psych. s 1 | B98: 0 | C98: 0 | D98: =+C98-B98 -> 0
A99: psych. s 2 | B99: 0 | C99: 0 | D99: =+C99-B99 -> 0
A100: 8. TDZ pro děti | B100: =SUM(B101:B102)*1.34 -> 0 | C100: =SUM(C101:C102)*1.34 -> 0 | D100: =+C100-B100 -> 0
A101: psych. s 1 | B101: 0 | C101: 0 | D101: =+C101-B101 -> 0
...

Sheet duben 2025
A1: VÝNOSY | H1: týden 1 (zpravidla dělený s předchozím měsícem) | K1: týden 2 | N1: týden 3 | Q1: týden 4 | T1: týden 5 (zpravidla dělený s následujícím měsícem)
A2: Středisko/pracovník | B2: plán měsíce | C2: skutečnost měsíce | D2: rozdíl | E2: počet intervencí | F2: odpracováno hod. | H2: výkony /týden | I2: počet intervencí | J2: odpracováno hod. | K2: výkony /týden | L2: počet intervencí | M2: odpracováno hod. | N2: výkony /týden | O2: počet intervencí | P2: odpracováno hod. | Q2: výkony /týden | R2: počet intervencí | S2: odpracováno hod. | T2: výkony /týden | U2: počet intervencí | V2: odpracováno hod.
A3: výnosy CDZ Ústí | B3: =SUM(B4:B11) -> 1365000 | C3: =SUM(C4:C11) -> 926865.96 | D3: =SUM(D4:D11) -> -438134.04 | E3: =SUM(E4:E11) -> 883 | F3: =SUM(F4:F11) -> 50.874306 | H3: =SUM(H4:H11) -> 201952.44 | I3: =SUM(I4:I11) -> 197 | J3: =SUM(J4:J11) -> 10.819444 | K3: =SUM(K4:K11) -> 194797.44 | L3: =SUM(L4:L11) -> 175 | M3: =SUM(M4:M11) -> 9.9895833 | N3: =SUM(N4:N11) -> 202698.72 | O3: =SUM(O4:O11) -> 193 | ... V3: =SUM(V4:V11) -> 7.4861111
A4: psych. s. 1 - NÁGLOVÁ | B4: 200000 | C4: =+H4+K4+N4+Q4+T4 -> 179540.28 | D4: =+C4-B4 -> -20459.72 | E4: =+I4+L4+O4+R4+U4 -> 191 | F4: =+J4+M4+P4+S4+V4 -> 11.121528 | H4: 32374.08 | I4: 35 | J4: 2.0555556 | K4: 40807.8 | L4: 43 | M4: 2.5243056 | N4: 38727.72 | O4: 36 | P4: 2.375 | Q4: 40599.36 | R4: 42 | S4: 2.4652778 | T4: 27031.32 | U4: 35 | V4: 1.7013889
A5: psych. s. 2 - HAJASOVÁ | B5: 200000 | C5: =+H5+K5+N5+Q5+T5 -> 137392.2 | D5: =+C5-B5 -> -62607.8 | E5: =+I5+L5+O5+R5+U5 -> 113 | F5: =+J5+M5+P5+S5+V5 -> 8.7569444 | H5: 31536 | I5: 24 | J5: 2 | K5: 34193.88 | L5: 28 | M5: 2.1875 | N5: 20835.36 | O5: 18 | P5: 1.3472222 | Q5: 30488.4 | R5: 26 | S5: 1.9305556 | T5: 20338.56 | U5: 17 | V5: 1.2916667
A6: psych. s. 3 - KAŠPÁRKOVÁ/Pekárová | B6: 200000 | C6: =+H6+K6+N6+Q6+T6 -> 99048.12 | D6: =+C6-B6 -> -100951.88 | E6: =+I6+L6+O6+R6+U6 -> 101 | F6: =+J6+M6+P6+S6+V6 -> 8.2145833 | H6: 30973.32 | I6: 33 | J6: 1.9513889 | N6: 32910.84 | O6: 40 | P6: 2.0798611 | Q6: 22592.76 | R6: 18 | S6: 3.35 | T6: 12571.2 | U6: 10 | V6: 0.83333333
A7: psych. s. 4 - | B7: 0 | C7: =+H7+K7+N7+Q7+T7 -> 0 | D7: =+C7-B7 -> 0 | E7: =+I7+L7+O7+R7+U7 -> 0 | F7: =+J7+M7+P7+S7+V7 -> 0
A8: psychiatr - GÁBEL 0,2 | B8: =450000*0.2 -> 90000 | C8: =+H8+K8+N8+Q8+T8 -> 4887 | D8: =+C8-B8 -> -85113 | E8: =+I8+L8+O8+R8+U8 -> 25 | F8: =+J8+M8+P8+S8+V8 -> 0.17361111 | H8: 1368.36 | I8: 7 | J8: 0.048611111 | K8: 1172.88 | L8: 6 | M8: 0.041666667 | N8: 1172.88 | O8: 6 | P8: 0.041666667 | Q8: 1172.88 | R8: 6 | S8: 0.041666667 | T8: 0
A9: psychiatr - PFEIFFER 0,5 | B9: =450000*0.5 -> 225000 | C9: =+H9+K9+N9+Q9+T9 -> 127490.76 | D9: =+C9-B9 -> -97509.24 | E9: =+I9+L9+O9+R9+U9 -> 150 | F9: =+J9+M9+P9+S9+V9 -> 5.2569444 | H9: 22904.64 | I9: 31 | J9: 0.95833333 | K9: 27547.56 | L9: 31 | M9: 1.125 | N9: 28045.44 | O9: 31 | P9: 1.1458333 | Q9: 15954.84 | R9: 22 | S9: 0.65277778 | T9: 33038.28 | U9: 35 | V9: 1.375
A10: psychiatr - Dr. Suchánková 1,0 | B10: =450000 -> 450000 | C10: =+H10+K10+N10+Q10+T10 -> 378507.6 | D10: =+C10-B10 -> -71492.4 | E10: =+I10+L10+O10+R10+U10 -> 303 | F10: =+J10+M10+P10+S10+V10 -> 17.350694 | H10: 82796.04 | I10: 67 | J10: 3.8055556 | K10: 91075.32 | L10: 67 | M10: 4.1111111 | N10: 81006.48 | O10: 62 | P10: 3.6805556 | Q10: 74068.56 | R10: 66 | S10: 3.46875 | T10: 49561.2 | U10: 41 | V10: 2.2847222
A11: psycholog 2 - Lichtenbergová | B11: 0 | C11: =+H11+K11+N11+Q11+T11 -> 0 | D11: =+C11-B11 -> 0 | E11: =+I11+L11+O11+R11+U11 -> 0 | F11: =+J11+M11+P11+S11+V11 -> 0
A12: výnosy CDZ Chomutov | B12: =SUM(B13:B20) -> 340000 | C12: =SUM(C13:C20) -> 159456.78 | D12: =SUM(D13:D20) -> -180543.22 | E12: =SUM(E13:E20) -> 211 | F12: =SUM(F13:F20) -> 11.649306 | H12: =SUM(H13:H20) -> 33270.02 | I12: =SUM(I13:I20) -> 42 | J12: =SUM(J13:J20) -> 2.4305556 | K12: =SUM(K13:K20) -> 31511.9 | L12: =SUM(L13:L20) -> 40 | M12: =SUM(M13:M20) -> 2.3020833 | N12: =SUM(N13:N20) -> 38592.4 | O12: =SUM(O13:O20) -> 49 | ... V12: =SUM(V13:V20) -> 2.09375
A13: psych. s 1 - Blažková | B13: =200000*0.85 -> 170000 | C13: =+H13+K13+N13+Q13+T13 -> 91110.6 | D13: =+C13-B13 -> -78889.4 | E13: =+I13+L13+O13+R13+U13 -> 132 | F13: =+J13+M13+P13+S13+V13 -> 6.65625 | H13: 20151.74 | I13: 30 | J13: 1.4722222 | K13: 23526.86 | L13: 29 | M13: 1.71875 | N13: 19770.52 | O13: 28 | P13: 1.4444444 | Q13: 13545.56 | R13: 19 | S13: 0.98958333 | T13: 14115.92 | U13: 26 | V13: 1.03125
A14: psych. s 2 - Pátková | B14: =200000*0.85 -> 170000 | C14: =+H14+K14+N14+Q14+T14 -> 68346.18 | D14: =+C14-B14 -> -101653.82 | E14: =+I14+L14+O14+R14+U14 -> 79 | F14: =+J14+M14+P14+S14+V14 -> 4.9930556 | H14: 13118.28 | I14: 12 | J14: 0.95833333 | K14: 7985.04 | L14: 11 | M14: 0.58333333 | N14: 18821.88 | O14: 21 | P14: 1.375 | Q14: 13878.76 | R14: 17 | S14: 1.0138889 | T14: 14542.22 | U14: 18 | V14: 1.0625
A15: psych. s 3 | B15: 0 | C15: =+H15+K15+N15+Q15+T15 -> 0 | D15: =+C15-B15 -> 0 | E15: =+I15+L15+O15+R15+U15 -> 0 | F15: =+J15+M15+P15+S15+V15 -> 0
A16: psych. s 4 | B16: 0 | C16: =+H16+K16+N16+Q16+T16 -> 0 | D16: =+C16-B16 -> 0 | E16: =+I16+L16+O16+R16+U16 -> 0 | F16: =+J16+M16+P16+S16+V16 -> 0
A17: psychiatr 1 - 0,5 od ?? | B17: 0 | C17: =+H17+K17+N17+Q17+T17 -> 0 | D17: =+C17-B17 -> 0 | E17: =+I17+L17+O17+R17+U17 -> 0 | F17: =+J17+M17+P17+S17+V17 -> 0
A18: psychiatr 2 | B18: 0 | C18: =+H18+K18+N18+Q18+T18 -> 0 | D18: =+C18-B18 -> 0 | E18: =+I18+L18+O18+R18+U18 -> 0 | F18: =+J18+M18+P18+S18+V18 -> 0
A19: psycholog 1 - 0,5 | B19: 0 | C19: =+H19+K19+N19+Q19+T19 -> 0 | D19: =+C19-B19 -> 0 | E19: =+I19+L19+O19+R19+U19 -> 0 | F19: =+J19+M19+P19+S19+V19 -> 0
A20: psycholog 2 | B20: 0 | C20: =+H20+K20+N20+Q20+T20 -> 0 | D20: =+C20-B20 -> 0 | E20: =+I20+L20+O20+R20+U20 -> 0 | F20: =+J20+M20+P20+S20+V20 -> 0
A21: výnosy CDZ Žatec | B21: =SUM(B22:B29) -> 170000 | C21: =SUM(C22:C29) -> 109409.16 | D21: =SUM(D22:D29) -> -60590.84 | E21: =SUM(E22:E29) -> 123 | F21: =SUM(F22:F29) -> 7.9930556 | H21: =SUM(H22:H29) -> 23192.68 | I21: =SUM(I22:I29) -> 23 | J21: =SUM(J22:J29) -> 1.6944444 | K21: =SUM(K22:K29) -> 27661.48 | L21: =SUM(L22:L29) -> 32 | M21: =SUM(M22:M29) -> 2.0208333 | N21: =SUM(N22:N29) -> 18060.42 | O21: =SUM(O22:O29) -> 19 | ... V21: =SUM(V22:V29) -> 1.3125
A22: psych. s 1 - ZELENKOVÁ | B22: =200000*0.85 -> 170000 | C22: =+H22+K22+N22+Q22+T22 -> 109409.16 | D22: =+C22-B22 -> -60590.84 | E22: =+I22+L22+O22+R22+U22 -> 123 | F22: =+J22+M22+P22+S22+V22 -> 7.9930556 | H22: 23192.68 | I22: 23 | J22: 1.6944444 | K22: 27661.48 | L22: 32 | M22: 2.0208333 | N22: 18060.42 | O22: 19 | P22: 1.3194444 | Q22: 22528.24 | R22: 22 | S22: 1.6458333 | T22: 17966.34 | U22: 27 | V22: 1.3125
A23: psych. s 2 - Vondráčková | B23: 0 | C23: =+H23+K23+N23+Q23+T23 -> 0 | D23: =+C23-B23 -> 0 | E23: =+I23+L23+O23+R23+U23 -> 0 | F23: =+J23+M23+P23+S23+V23 -> 0
A24: psych. s 3 - Nováková | B24: 0 | C24: =+H24+K24+N24+Q24+T24 -> 0 | D24: =+C24-B24 -> 0 | E24: =+I24+L24+O24+R24+U24 -> 0 | F24: =+J24+M24+P24+S24+V24 -> 0
A25: všeob. s 4 - Dušková | B25: 0 | C25: =+H25+K25+N25+Q25+T25 -> 0 | D25: =+C25-B25 -> 0 | E25: =+I25+L25+O25+R25+U25 -> 0 | F25: =+J25+M25+P25+S25+V25 -> 0
A26: psychiatr 1 - 0,5 od 1.4 | B26: 0 | C26: =+H26+K26+N26+Q26+T26 -> 0 | D26: =+C26-B26 -> 0 | E26: =+I26+L26+O26+R26+U26 -> 0 | F26: =+J26+M26+P26+S26+V26 -> 0
A27: psychiatr 2 | B27: 0 | C27: =+H27+K27+N27+Q27+T27 -> 0 | D27: =+C27-B27 -> 0 | E27: =+I27+L27+O27+R27+U27 -> 0 | F27: =+J27+M27+P27+S27+V27 -> 0
A28: psycholog 1 - 0,5 | B28: 0 | C28: =+H28+K28+N28+Q28+T28 -> 0 | D28: =+C28-B28 -> 0 | E28: =+I28+L28+O28+R28+U28 -> 0 | F28: =+J28+M28+P28+S28+V28 -> 0
A29: psycholog 2 | B29: 0 | C29: =+H29+K29+N29+Q29+T29 -> 0 | D29: =+C29-B29 -> 0 | E29: =+I29+L29+O29+R29+U29 -> 0 | F29: =+J29+M29+P29+S29+V29 -> 0
A30: výnosy CDZ Litoměřice | B30: =SUM(B31:B38) -> 34000 | C30: =SUM(C31:C38) -> 26756.94 | D30: =SUM(D31:D38) -> -7243.06 | E30: =SUM(E31:E38) -> 31 | F30: =SUM(F31:F38) -> 1.9548611 | H30: =SUM(H31:H38) -> 4561.9 | I30: =SUM(I31:I38) -> 6 | J30: =SUM(J31:J38) -> 0.33333333 | K30: =SUM(K31:K38) -> 5133.24 | L30: =SUM(L31:L38) -> 5 | M30: =SUM(M31:M38) -> 0.375 | N30: =SUM(N31:N38) -> 4371.78 | O30: =SUM(O31:O38) -> 6 | ... V30: =SUM(V31:V38) -> 0.60416667
A31: psych. s 1 - Štréblová 0,2 od 1.3 od 5 celý | B31: =200000*0.2*0.85 -> 34000 | C31: =+H31+K31+N31+Q31+T31 -> 26756.94 | D31: =+C31-B31 -> -7243.06 | E31: =+I31+L31+O31+R31+U31 -> 31 | F31: =+J31+M31+P31+S31+V31 -> 1.9548611 | H31: 4561.9 | I31: 6 | J31: 0.33333333 | K31: 5133.24 | L31: 5 | M31: 0.375 | N31: 4371.78 | O31: 6 | P31: 0.31944444 | Q31: 4419.8 | R31: 6 | S31: 0.32291667 | T31: 8270.22 | U31: 8 | V31: 0.60416667
A32: psych. s 2 | B32: 0 | C32: =+H32+K32+N32+Q32+T32 -> 0 | D32: =+C32-B32 -> 0 | E32: =+I32+L32+O32+R32+U32 -> 0 | F32: =+J32+M32+P32+S32+V32 -> 0
A33: ho | B33: 0 | C33: =+H33+K33+N33+Q33+T33 -> 0 | D33: =+C33-B33 -> 0 | E33: =+I33+L33+O33+R33+U33 -> 0 | F33: =+J33+M33+P33+S33+V33 -> 0
A34: psych. s 4 | B34: 0 | C34: =+H34+K34+N34+Q34+T34 -> 0 | D34: =+C34-B34 -> 0 | E34: =+I34+L34+O34+R34+U34 -> 0 | F34: =+J34+M34+P34+S34+V34 -> 0
A35: psychiatr 1 - 0,5 | B35: 0 | C35: =+H35+K35+N35+Q35+T35 -> 0 | D35: =+C35-B35 -> 0 | E35: =+I35+L35+O35+R35+U35 -> 0 | F35: =+J35+M35+P35+S35+V35 -> 0
A36: psychiatr 2 | B36: 0 | C36: =+H36+K36+N36+Q36+T36 -> 0 | D36: =+C36-B36 -> 0 | E36: =+I36+L36+O36+R36+U36 -> 0 | F36: =+J36+M36+P36+S36+V36 -> 0
A37: psycholog 1 - 0,5 | B37: 0 | C37: =+H37+K37+N37+Q37+T37 -> 0 | D37: =+C37-B37 -> 0 | E37: =+I37+L37+O37+R37+U37 -> 0 | F37: =+J37+M37+P37+S37+V37 -> 0
A38: psycholog 2 | B38: 0 | C38: =+H38+K38+N38+Q38+T38 -> 0 | D38: =+C38-B38 -> 0 | E38: =+I38+L38+O38+R38+U38 -> 0 | F38: =+J38+M38+P38+S38+V38 -> 0
A39: výnosy TDZ Děčín | B39: =SUM(B40:B41) -> 170000 | C39: =SUM(C40:C41) -> 37262.54 | D39: =SUM(D40:D41) -> -132737.46 | E39: =SUM(E40:E41) -> 41 | F39: =SUM(F40:F41) -> 2.7222222 | H39: =SUM(H40:H41) -> 11026.96 | I39: =SUM(I40:I41) -> 15 | J39: =SUM(J40:J41) -> 0.80555556 | K39: =SUM(K40:K41) -> 9980.32 | L39: =SUM(L40:L41) -> 11 | M39: =SUM(M40:M41) -> 0.72916667 | N39: =SUM(N40:N41) -> 0 | O39: =SUM(O40:O41) -> 0 | ... V39: =SUM(V40:V41) -> 1
A40: psych. s 1 - Jirásková | B40: 170000 | C40: =+H40+K40+N40+Q40+T40 -> 37262.54 | D40: =+C40-B40 -> -132737.46 | E40: =+I40+L40+O40+R40+U40 -> 41 | F40: =+J40+M40+P40+S40+V40 -> 2.7222222 | H40: 11026.96 | I40: 15 | J40: 0.80555556 | K40: 9980.32 | L40: 11 | M40: 0.72916667 | Q40: 2566.62 | R40: 3 | S40: 0.1875 | T40: 13688.64 | U40: 12 | V40: 1
A41: psych. s 2 | B41: 0 | C41: =+H41+K41+N41+Q41+T41 -> 0 | D41: =+C41-B41 -> 0 | E41: =+I41+L41+O41+R41+U41 -> 0 | F41: =+J41+M41+P41+S41+V41 -> 0
A42: výnosy TDZ Most | B42: =SUM(B43:B44) -> 85000 | C42: =SUM(C43:C44) -> 38214.12 | D42: =SUM(D43:D44) -> -46785.88 | E42: =SUM(E43:E44) -> 44 | F42: =SUM(F43:F44) -> 2.7916667 | H42: =SUM(H43:H44) -> 9886.24 | I42: =SUM(I43:I44) -> 16 | J42: =SUM(J43:J44) -> 0.72222222 | K42: =SUM(K43:K44) -> 11787.44 | L42: =SUM(L43:L44) -> 13 | M42: =SUM(M43:M44) -> 0.86111111 | N42: =SUM(N43:N44) -> 10836.84 | O42: =SUM(O43:O44) -> 11 | ... V42: =SUM(V43:V44) -> 0.20833333
A43: psych. s 1 Prajzová 0,5 | B43: =200000/2*0.85 -> 85000 | C43: =+H43+K43+N43+Q43+T43 -> 38214.12 | D43: =+C43-B43 -> -46785.88 | E43: =+I43+L43+O43+R43+U43 -> 44 | F43: =+J43+M43+P43+S43+V43 -> 2.7916667 | H43: 9886.24 | I43: 16 | J43: 0.72222222 | K43: 11787.44 | L43: 13 | M43: 0.86111111 | N43: 10836.84 | O43: 11 | P43: 0.79166667 | Q43: 2851.8 | R43: 2 | S43: 0.20833333 | T43: 2851.8 | U43: 2 | V43: 0.20833333
A44: psych. s 2 | B44: 0 | C44: =+H44+K44+N44+Q44+T44 -> 0 | D44: =+C44-B44 -> 0 | E44: =+I44+L44+O44+R44+U44 -> 0 | F44: =+J44+M44+P44+S44+V44 -> 0
A45: výnosy TDZ Teplice | B45: =SUM(B46:B47) -> 0 | C45: =SUM(C46:C47) -> 0 | D45: =SUM(D46:D47) -> 0 | E45: =SUM(E46:E47) -> 0 | F45: =SUM(F46:F47) -> 0 | H45: =SUM(H46:H47) -> 0 | I45: =SUM(I46:I47) -> 0 | J45: =SUM(J46:J47) -> 0 | K45: =SUM(K46:K47) -> 0 | L45: =SUM(L46:L47) -> 0 | M45: =SUM(M46:M47) -> 0 | N45: =SUM(N46:N47) -> 0 | O45: =SUM(O46:O47) -> 0 | ... V45: =SUM(V46:V47) -> 0
A46: psych. s 1 | B46: 0 | C46: =+H46+K46+N46+Q46+T46 -> 0 | D46: =+C46-B46 -> 0 | E46: =+I46+L46+O46+R46+U46 -> 0 | F46: =+J46+M46+P46+S46+V46 -> 0
A47: psych. s 2 | B47: 0 | C47: =+H47+K47+N47+Q47+T47 -> 0 | D47: =+C47-B47 -> 0 | E47: =+I47+L47+O47+R47+U47 -> 0 | F47: =+J47+M47+P47+S47+V47 -> 0
A48: výnosy TDZ pro děti | B48: =SUM(B49:B50) -> 0 | C48: =SUM(C49:C50) -> 0 | D48: =SUM(D49:D50) -> 0 | E48: =SUM(E49:E50) -> 0 | F48: =SUM(F49:F50) -> 0 | H48: =SUM(H49:H50) -> 0 | I48: =SUM(I49:I50) -> 0 | J48: =SUM(J49:J50) -> 0 | K48: =SUM(K49:K50) -> 0 | L48: =SUM(L49:L50) -> 0 | M48: =SUM(M49:M50) -> 0 | N48: =SUM(N49:N50) -> 0 | O48: =SUM(O49:O50) -> 0 | ... V48: =SUM(V49:V50) -> 0
A49: psych. s 1 | B49: 0 | C49: =+H49+K49+N49+Q49+T49 -> 0 | D49: =+C49-B49 -> 0 | E49: =+I49+L49+O49+R49+U49 -> 0 | F49: =+J49+M49+P49+S49+V49 -> 0
A50: psych. s 2 | B50: 0 | C50: =+H50+K50+N50+Q50+T50 -> 0 | D50: =+C50-B50 -> 0 | E50: =+I50+L50+O50+R50+U50 -> 0 | F50: =+J50+M50+P50+S50+V50 -> 0
A51: VÝNOSY CELKEM | B51: =+B48+B39+B30+B21+B12+B3+B45+B42 -> 2164000 | C51: =+C48+C39+C30+C21+C12+C3+C45+C42 -> 1297965.5 | D51: =+D48+D39+D30+D21+D12+D3+D45+D42 -> -866034.5 | E51: =+E48+E39+E30+E21+E12+E3+E45+E42 -> 1333 | F51: =+F48+F39+F30+F21+F12+F3+F45+F42 -> 77.985417 | H51: =+H48+H39+H30+H21+H12+H3+H45+H42 -> 283890.24 | I51: =+I48+I39+I30+I21+I12+I3+I45+I42 -> 299 | J51: =+J48+J39+J30+J21+J12+J3+J45+J42 -> 16.805556 | K51: =+K48+K39+K30+K21+K12+K3+K45+K42 -> 280871.82 | L51: =+L48+L39+L30+L21+L12+L3+L45+L42 -> 276 | M51: =+M48+M39+M30+M21+M12+M3+M45+M42 -> 16.277778 | N51: =+N48+N39+N30+N21+N12+N3+N45+N42 -> 274560.16 | O51: =+O48+O39+O30+O21+O12+O3+O45+O42 -> 278 | ... V51: =+V48+V39+V30+V21+V12+V3+V45+V42 -> 12.704861
A53: NÁKLADY | B53: plán měsíce | C53: skutečnost měsíce | D53: rozdíl
A54: Mzdy a odvody pracovníků | B54: =+B55+B64+B73+B82+B91+B100+B94+B97 -> 990260 | C54: =+C55+C64+C73+C82+C91+C100+C94+C97 -> 990997 | D54: =+C54-B54 -> 737
A55: 1. CDZ Ústí | B55: =SUM(B56:B63)*1.34 -> 600320 | C55: =SUM(C56:C63)*1.34 -> 599047 | D55: =+C55-B55 -> -1273
A56: =+A4 -> psych. s. 1 - NÁGLOVÁ | B56: 60000 | C56: 62550 | D56: =+C56-B56 -> 2550
A57: =+A5 -> psych. s. 2 - HAJASOVÁ | B57: 47000 | C57: =+B57 -> 47000 | D57: =+C57-B57 -> 0
A58: =+A6 -> psych. s. 3 - KAŠPÁRKOVÁ/Pekárová | B58: 65000 | C58: =+B58 -> 65000 | D58: =+C58-B58 -> 0
A59: =+A7 -> psych. s. 4 - | B59: 0 | C59: 0 | D59: =+C59-B59 -> 0
A60: =+A8 -> psychiatr - GÁBEL 0,2 | B60: 16000 | C60: =+B60 -> 16000 | D60: =+C60-B60 -> 0
A61: =+A9 -> psychiatr - PFEIFFER 0,5 | B61: 85000 | C61: =+B61 -> 85000 | D61: =+C61-B61 -> 0
A62: =+A10 -> psychiatr - Dr. Suchánková 1,0 | B62: 160000 | C62: 156500 | D62: =+C62-B62 -> -3500
A63: =+A11 -> psycholog 2 - Lichtenbergová | B63: 15000 | C63: =+B63 -> 15000 | D63: =+C63-B63 -> 0
A64: 2. CDZ Chomutov | B64: =SUM(B65:B72)*1.34 -> 154100 | C64: =SUM(C65:C72)*1.34 -> 154100 | D64: =+C64-B64 -> 0
A65: =+A13 -> psych. s 1 - Blažková | B65: 55000 | C65: =+B65 -> 55000 | D65: =+C65-B65 -> 0
A66: =+A14 -> psych. s 2 - Pátková | B66: 60000 | C66: =+B66 -> 60000 | D66: =+C66-B66 -> 0
A67: =+A15 -> psych. s 3 | B67: 0 | C67: 0 | D67: =+C67-B67 -> 0
A68: =+A16 -> psych. s 4 | B68: 0 | C68: 0 | D68: =+C68-B68 -> 0
A69: =+A17 -> psychiatr 1 - 0,5 od ?? | B69: 0 | C69: 0 | D69: =+C69-B69 -> 0
A70: =+A18 -> psychiatr 2 | B70: 0 | C70: 0 | D70: =+C70-B70 -> 0
A71: =+A19 -> psycholog 1 - 0,5 | B71: 0 | C71: 0 | D71: =+C71-B71 -> 0
A72: =+A20 -> psycholog 2 | B72: 0 | C72: 0 | D72: =+C72-B72 -> 0
A73: 3. CDZ Žatec | B73: =SUM(B74:B81)*1.34 -> 100500 | C73: =SUM(C74:C81)*1.34 -> 102510 | D73: =+C73-B73 -> 2010
A74: =+A22 -> psych. s 1 - ZELENKOVÁ | B74: 75000 | C74: 76500 | D74: =+C74-B74 -> 1500
A75: =+A23 -> psych. s 2 - Vondráčková | B75: 0 | C75: 0 | D75: =+C75-B75 -> 0
A76: =+A24 -> psych. s 3 - Nováková | B76: 0 | C76: 0 | D76: =+C76-B76 -> 0
A77: =+A25 -> všeob. s 4 - Dušková | B77: 0 | C77: 0 | D77: =+C77-B77 -> 0
A78: =+A26 -> psychiatr 1 - 0,5 od 1.4 | B78: 0 | C78: 0 | D78: =+C78-B78 -> 0
A79: =+A27 -> psychiatr 2 | B79: 0 | C79: 0 | D79: =+C79-B79 -> 0
A80: =+A28 -> psycholog 1 - 0,5 | B80: 0 | C80: 0 | D80: =+C80-B80 -> 0
A81: =+A29 -> psycholog 2 | B81: 0 | C81: 0 | D81: =+C81-B81 -> 0
A82: 4. CDZ Litoměřice | B82: =SUM(B83:B90)*1.34 -> 18760 | C82: =SUM(C83:C90)*1.34 -> 18760 | D82: =+C82-B82 -> 0
A83: =+A31 -> psych. s 1 - Štréblová 0,2 od 1.3 od 5 celý | B83: 14000 | C83: 14000 | D83: =+C83-B83 -> 0
A84: =+A32 -> psych. s 2 | B84: 0 | C84: 0 | D84: =+C84-B84 -> 0
A85: =+A33 -> ho | B85: 0 | C85: 0 | D85: =+C85-B85 -> 0
A86: =+A34 -> psych. s 4 | B86: 0 | C86: 0 | D86: =+C86-B86 -> 0
A87: =+A35 -> psychiatr 1 - 0,5 | B87: 0 | C87: 0 | D87: =+C87-B87 -> 0
A88: =+A36 -> psychiatr 2 | B88: 0 | C88: 0 | D88: =+C88-B88 -> 0
A89: =+A37 -> psycholog 1 - 0,5 | B89: 0 | C89: 0 | D89: =+C89-B89 -> 0
A90: =+A38 -> psycholog 2 | B90: 0 | C90: 0 | D90: =+C90-B90 -> 0
A91: 5. TDZ Děčín | B91: =SUM(B92:B93)*1.34 -> 96480 | C91: =SUM(C92:C93)*1.34 -> 96480 | D91: =+C91-B91 -> 0
A92: =+A40 -> psych. s 1 - Jirásková | B92: 72000 | C92: =+B92 -> 72000 | D92: =+C92-B92 -> 0
A93: =+A41 -> psych. s 2 | B93: 0 | C93: 0 | D93: =+C93-B93 -> 0
A94: 6. TDZ Most | B94: =SUM(B95:B96)*1.34 -> 20100 | C94: =SUM(C95:C96)*1.34 -> 20100 | D94: =+C94-B94 -> 0
A95: =+A43 -> psych. s 1 Prajzová 0,5 | B95: 15000 | C95: =+B95 -> 15000 | D95: =+C95-B95 -> 0
A96: =+A44 -> psych. s 2 | B96: 0 | C96: 0 | D96: =+C96-B96 -> 0
A97: 7. TDZ Teplice | B97: =SUM(B98:B99)*1.34 -> 0 | C97: =SUM(C98:C99)*1.34 -> 0 | D97: =+C97-B97 -> 0
A98: =+A46 -> psych. s 1 | B98: 0 | C98: 0 | D98: =+C98-B98 -> 0
A99: =+A47 -> psych. s 2 | B99: 0 | C99: 0 | D99: =+C99-B99 -> 0
A100: 8. TDZ pro děti | B100: =SUM(B101:B102)*1.34 -> 0 | C100: =SUM(C101:C102)*1.34 -> 0 | D100: =+C100-B100 -> 0
A101: =+A49 -> psych. s 1 | B101: 0 | C101: 0 | D101: =+C101-B101 -> 0
...

Sheet květen 2025
A1: VÝNOSY | H1: týden 1 (zpravidla dělený s předchozím měsícem) | K1: týden 2 | N1: týden 3 | Q1: týden 4 | T1: týden 5 (zpravidla dělený s následujícím měsícem)
A2: Středisko/pracovník | B2: plán měsíce | C2: skutečnost měsíce | D2: rozdíl | E2: počet intervencí | F2: odpracováno hod. | H2: výkony /týden | I2: počet intervencí | J2: odpracováno hod. | K2: výkony /týden | L2: počet intervencí | M2: odpracováno hod. | N2: výkony /týden | O2: počet intervencí | P2: odpracováno hod. | Q2: výkony /týden | R2: počet intervencí | S2: odpracováno hod. | T2: výkony /týden | U2: počet intervencí | V2: odpracováno hod.
A3: výnosy CDZ Ústí | B3: =SUM(B4:B12) -> 1365000 | C3: =SUM(C4:C12) -> 1086204.6 | D3: =SUM(D4:D12) -> -278795.4 | E3: =SUM(E4:E12) -> 855 | F3: =SUM(F4:F12) -> 54.780139 | H3: =SUM(H4:H12) -> 29176.2 | I3: =SUM(I4:I12) -> 22 | J3: =SUM(J4:J12) -> 1.4513889 | K3: =SUM(K4:K12) -> 239587.2 | L3: =SUM(L4:L12) -> 179 | M3: =SUM(M4:M12) -> 11.767361 | N3: =SUM(N4:N12) -> 251622.72 | O3: =SUM(O4:O12) -> 179 | ... V3: =SUM(V4:V12) -> 15.189861
A4: psych. s. 1 - NÁGLOVÁ | B4: 200000 | C4: =+H4+K4+N4+Q4+T4 -> 188739.72 | D4: =+C4-B4 -> -11260.28 | E4: =+I4+L4+O4+R4+U4 -> 212 | F4: =+J4+M4+P4+S4+V4 -> 11.572917 | K4: 41727.96 | L4: 45 | M4: 2.5173611 | N4: 52626.24 | O4: 44 | P4: 3.1944444 | Q4: 49898.16 | R4: 62 | S4: 3.0590278 | T4: 44487.36 | U4: 61 | V4: 2.8020833
A5: psych. s. 2 - HAJASOVÁ | B5: 200000 | C5: =+H5+K5+N5+Q5+T5 -> 102938.04 | D5: =+C5-B5 -> -97061.96 | E5: =+I5+L5+O5+R5+U5 -> 86 | F5: =+J5+M5+P5+S5+V5 -> 6.5069444 | H5: 6285.6 | I5: 5 | J5: 0.41666667 | K5: 12571.2 | L5: 10 | M5: 0.83333333 | Q5: 39590.64 | R5: 33 | S5: 2.5 | T5: 44490.6 | U5: 38 | V5: 2.7569444
A6: psych. s. 3 - KAŠPÁRKOVÁ/Pekárová | B6: 200000 | C6: =+H6+K6+N6+Q6+T6 -> 154528.56 | D6: =+C6-B6 -> -45471.44 | E6: =+I6+L6+O6+R6+U6 -> 135 | F6: =+J6+M6+P6+S6+V6 -> 9.6586111 | K6: 28513.08 | L6: 24 | M6: 1.7430556 | N6: 48420.72 | O6: 41 | P6: 2.9722222 | Q6: 31428 | R6: 25 | S6: 2.0833333 | T6: 46166.76 | U6: 45 | V6: 2.86
A7: psych. s. 4 - | B7: 0 | C7: =+H7+K7+N7+Q7+T7 -> 0 | D7: =+C7-B7 -> 0 | E7: =+I7+L7+O7+R7+U7 -> 0 | F7: =+J7+M7+P7+S7+V7 -> 0
A8: psychiatr - GÁBEL 0,2 | B8: =450000*0.2 -> 90000 | C8: =+H8+K8+N8+Q8+T8 -> 12361.68 | D8: =+C8-B8 -> -77638.32 | E8: =+I8+L8+O8+R8+U8 -> 20 | F8: =+J8+M8+P8+S8+V8 -> 0.625 | N8: 4795.2 | O8: 6 | P8: 0.25 | Q8: 4990.68 | R8: 7 | S8: 0.25694444 | T8: 2575.8 | U8: 7 | V8: 0.11805556
A9: psychiatr - PFEIFFER 0,5 | B9: =450000*0.5 -> 225000 | C9: =+H9+K9+N9+Q9+T9 -> 216265.68 | D9: =+C9-B9 -> -8734.32 | E9: =+I9+L9+O9+R9+U9 -> 158 | F9: =+J9+M9+P9+S9+V9 -> 9.0625 | K9: 68507.64 | L9: 45 | M9: 2.8819444 | N9: 49480.2 | O9: 37 | P9: 2.0138889 | Q9: 52822.8 | R9: 35 | S9: 2.1458333 | T9: 45455.04 | U9: 41 | V9: 2.0208333
A10: psychiatr - Dr. Suchánková 1,0 | B10: =450000 -> 450000 | C10: =+H10+K10+N10+Q10+T10 -> 396842.76 | D10: =+C10-B10 -> -53157.24 | E10: =+I10+L10+O10+R10+U10 -> 238 | F10: =+J10+M10+P10+S10+V10 -> 16.854167 | H10: 22890.6 | I10: 17 | J10: 1.0347222 | K10: 88267.32 | L10: 55 | M10: 3.7916667 | N10: 96300.36 | O10: 51 | P10: 4.0902778 | Q10: 86546.88 | R10: 53 | S10: 3.6388889 | T10: 102837.6 | U10: 62 | V10: 4.2986111
A11: psycholog 1 - Dr. Balko 0,2 | B11: 0 | C11: =+H11+K11+N11+Q11+T11 -> 14528.16 | D11: =+C11-B11 -> 14528.16 | E11: =+I11+L11+O11+R11+U11 -> 6 | F11: =+J11+M11+P11+S11+V11 -> 0.5 | Q11: 4842.72 | R11: 2 | S11: 0.16666667 | T11: 9685.44 | U11: 4 | V11: 0.33333333
A12: psycholog 2 - Lichtenbergová | B12: 0 | C12: =+H12+K12+N12+Q12+T12 -> 0 | D12: =+C12-B12 -> 0 | E12: =+I12+L12+O12+R12+U12 -> 0 | F12: =+J12+M12+P12+S12+V12 -> 0
A13: výnosy CDZ Chomutov | B13: =SUM(B14:B21) -> 340000 | C13: =SUM(C14:C21) -> 210552.02 | D13: =SUM(D14:D21) -> -129447.98 | E13: =SUM(E14:E21) -> 252 | F13: =SUM(F14:F21) -> 15.381944 | H13: =SUM(H14:H21) -> 8934.66 | I13: =SUM(I14:I21) -> 12 | J13: =SUM(J14:J21) -> 0.65277778 | K13: =SUM(K14:K21) -> 35076.16 | L13: =SUM(L14:L21) -> 51 | M13: =SUM(M14:M21) -> 2.5625 | N13: =SUM(N14:N21) -> 57366.26 | O13: =SUM(O14:O21) -> 68 | ... V13: =SUM(V14:V21) -> 3.9513889
A14: psych. s 1 - Blažková | B14: =200000*0.85 -> 170000 | C14: =+H14+K14+N14+Q14+T14 -> 112071.82 | D14: =+C14-B14 -> -57928.18 | E14: =+I14+L14+O14+R14+U14 -> 153 | F14: =+J14+M14+P14+S14+V14 -> 8.1875 | H14: 4848.06 | I14: 6 | J14: 0.35416667 | K14: 21292.46 | L14: 35 | M14: 1.5555556 | N14: 29894.9 | O14: 43 | P14: 2.1840278 | Q14: 26093.48 | R14: 31 | S14: 1.90625 | T14: 29942.92 | U14: 38 | V14: 2.1875
A15: psych. s 2 - Pátková od 1.3 | B15: =200000*0.85 -> 170000 | C15: =+H15+K15+N15+Q15+T15 -> 98480.2 | D15: =+C15-B15 -> -71519.8 | E15: =+I15+L15+O15+R15+U15 -> 99 | F15: =+J15+M15+P15+S15+V15 -> 7.1944444 | H15: 4086.6 | I15: 6 | J15: 0.29861111 | K15: 13783.7 | L15: 16 | M15: 1.0069444 | N15: 27471.36 | O15: 25 | P15: 2.0069444 | Q15: 28993.3 | R15: 29 | S15: 2.1180556 | T15: 24145.24 | U15: 23 | V15: 1.7638889
A16: psych. s 3 | B16: 0 | C16: =+H16+K16+N16+Q16+T16 -> 0 | D16: =+C16-B16 -> 0 | E16: =+I16+L16+O16+R16+U16 -> 0 | F16: =+J16+M16+P16+S16+V16 -> 0
A17: psych. s 4 | B17: 0 | C17: =+H17+K17+N17+Q17+T17 -> 0 | D17: =+C17-B17 -> 0 | E17: =+I17+L17+O17+R17+U17 -> 0 | F17: =+J17+M17+P17+S17+V17 -> 0
A18: psychiatr 1 - 0,5 od 1.4 | B18: 0 | C18: =+H18+K18+N18+Q18+T18 -> 0 | D18: =+C18-B18 -> 0 | E18: =+I18+L18+O18+R18+U18 -> 0 | F18: =+J18+M18+P18+S18+V18 -> 0
A19: psychiatr 2 | B19: 0 | C19: =+H19+K19+N19+Q19+T19 -> 0 | D19: =+C19-B19 -> 0 | E19: =+I19+L19+O19+R19+U19 -> 0 | F19: =+J19+M19+P19+S19+V19 -> 0
A20: psycholog 1 - 0,5 | B20: 0 | C20: =+H20+K20+N20+Q20+T20 -> 0 | D20: =+C20-B20 -> 0 | E20: =+I20+L20+O20+R20+U20 -> 0 | F20: =+J20+M20+P20+S20+V20 -> 0
A21: psycholog 2 | B21: 0 | C21: =+H21+K21+N21+Q21+T21 -> 0 | D21: =+C21-B21 -> 0 | E21: =+I21+L21+O21+R21+U21 -> 0 | F21: =+J21+M21+P21+S21+V21 -> 0
A22: výnosy CDZ Žatec | B22: =SUM(B23:B30) -> 510000 | C22: =SUM(C23:C30) -> 299045.04 | D22: =SUM(D23:D30) -> -210954.96 | E22: =SUM(E23:E30) -> 311 | F22: =SUM(F23:F30) -> 21.847222 | H22: =SUM(H23:H30) -> 10550.68 | I22: =SUM(I23:I30) -> 12 | J22: =SUM(J23:J30) -> 0.77083333 | K22: =SUM(K23:K30) -> 59409.56 | L22: =SUM(L23:L30) -> 54 | M22: =SUM(M23:M30) -> 4.3402778 | N22: =SUM(N23:N30) -> 74144.84 | O22: =SUM(O23:O30) -> 77 | ... V22: =SUM(V23:V30) -> 5.6458333
A23: psych. s 1 - ZELENKOVÁ | B23: =200000*0.85 -> 170000 | C23: =+H23+K23+N23+Q23+T23 -> 114920.68 | D23: =+C23-B23 -> -55079.32 | E23: =+I23+L23+O23+R23+U23 -> 125 | F23: =+J23+M23+P23+S23+V23 -> 8.3958333 | H23: 5987.8 | I23: 8 | J23: 0.4375 | K23: 23858.1 | L23: 27 | M23: 1.7430556 | N23: 27282.22 | O23: 27 | P23: 1.9930556 | Q23: 30035.04 | R23: 32 | S23: 2.1944444 | T23: 27757.52 | U23: 31 | V23: 2.0277778
A24: psych. s 2 - Vondráčková | B24: =200000*0.85 -> 170000 | C24: =+H24+K24+N24+Q24+T24 -> 91253.68 | D24: =+C24-B24 -> -78746.32 | E24: =+I24+L24+O24+R24+U24 -> 97 | F24: =+J24+M24+P24+S24+V24 -> 6.6666667 | H24: 2281.44 | I24: 2 | J24: 0.16666667 | K24: 17681.16 | L24: 13 | M24: 1.2916667 | N24: 22907.5 | O24: 28 | P24: 1.6736111 | Q24: 24240.3 | R24: 25 | S24: 1.7708333 | T24: 24143.28 | U24: 29 | V24: 1.7638889
A25: psych. s 3 - Nováková | B25: =200000*0.85 -> 170000 | C25: =+H25+K25+N25+Q25+T25 -> 92870.68 | D25: =+C25-B25 -> -77129.32 | E25: =+I25+L25+O25+R25+U25 -> 89 | F25: =+J25+M25+P25+S25+V25 -> 6.7847222 | H25: 2281.44 | I25: 2 | J25: 0.16666667 | K25: 17870.3 | L25: 14 | M25: 1.3055556 | N25: 23955.12 | O25: 22 | P25: 1.75 | Q25: 23383.78 | R25: 25 | S25: 1.7083333 | T25: 25380.04 | U25: 26 | V25: 1.8541667
A26: všeob. s 4 - Dušková | B26: 0 | C26: =+H26+K26+N26+Q26+T26 -> 0 | D26: =+C26-B26 -> 0 | E26: =+I26+L26+O26+R26+U26 -> 0 | F26: =+J26+M26+P26+S26+V26 -> 0
A27: psychiatr 1 - 0,5 od 1.4 | B27: 0 | C27: =+H27+K27+N27+Q27+T27 -> 0 | D27: =+C27-B27 -> 0 | E27: =+I27+L27+O27+R27+U27 -> 0 | F27: =+J27+M27+P27+S27+V27 -> 0
A28: psychiatr 2 | B28: 0 | C28: =+H28+K28+N28+Q28+T28 -> 0 | D28: =+C28-B28 -> 0 | E28: =+I28+L28+O28+R28+U28 -> 0 | F28: =+J28+M28+P28+S28+V28 -> 0
A29: psycholog 1 - 0,5 | B29: 0 | C29: =+H29+K29+N29+Q29+T29 -> 0 | D29: =+C29-B29 -> 0 | E29: =+I29+L29+O29+R29+U29 -> 0 | F29: =+J29+M29+P29+S29+V29 -> 0
A30: psycholog 2 | B30: 0 | C30: =+H30+K30+N30+Q30+T30 -> 0 | D30: =+C30-B30 -> 0 | E30: =+I30+L30+O30+R30+U30 -> 0 | F30: =+J30+M30+P30+S30+V30 -> 0
A31: výnosy CDZ Litoměřice | B31: =SUM(B32:B39) -> 170000 | C31: =SUM(C32:C39) -> 105996.8 | D31: =SUM(D32:D39) -> -64003.2 | E31: =SUM(E32:E39) -> 114 | F31: =SUM(F32:F39) -> 7.7395833 | H31: =SUM(H32:H39) -> 6273.96 | I31: =SUM(I32:I39) -> 7 | J31: =SUM(J32:J39) -> 0.45833333 | K31: =SUM(K32:K39) -> 21055.3 | L31: =SUM(L32:L39) -> 24 | M31: =SUM(M32:M39) -> 1.5381944 | N31: =SUM(N32:N39) -> 22434.16 | O31: =SUM(O32:O39) -> 25 | ... V31: =SUM(V32:V39) -> 2.0173611
A32: psych. s 1 - Štréblová 0,2 od 1.3 od 5 celý | B32: =200000*0.85 -> 170000 | C32: =+H32+K32+N32+Q32+T32 -> 105996.8 | D32: =+C32-B32 -> -64003.2 | E32: =+I32+L32+O32+R32+U32 -> 114 | F32: =+J32+M32+P32+S32+V32 -> 7.7395833 | H32: 6273.96 | I32: 7 | J32: 0.45833333 | K32: 21055.3 | L32: 24 | M32: 1.5381944 | N32: 22434.16 | O32: 25 | P32: 1.6388889 | Q32: 28618.94 | R32: 28 | S32: 2.0868056 | T32: 27614.44 | U32: 30 | V32: 2.0173611
A33: psych. s 2 | B33: 0 | C33: =+H33+K33+N33+Q33+T33 -> 0 | D33: =+C33-B33 -> 0 | E33: =+I33+L33+O33+R33+U33 -> 0 | F33: =+J33+M33+P33+S33+V33 -> 0
A34: psych. s 3 | B34: 0 | C34: =+H34+K34+N34+Q34+T34 -> 0 | D34: =+C34-B34 -> 0 | E34: =+I34+L34+O34+R34+U34 -> 0 | F34: =+J34+M34+P34+S34+V34 -> 0
A35: psych. s 4 | B35: 0 | C35: =+H35+K35+N35+Q35+T35 -> 0 | D35: =+C35-B35 -> 0 | E35: =+I35+L35+O35+R35+U35 -> 0 | F35: =+J35+M35+P35+S35+V35 -> 0
A36: psychiatr 1 - 0,5 | B36: 0 | C36: =+H36+K36+N36+Q36+T36 -> 0 | D36: =+C36-B36 -> 0 | E36: =+I36+L36+O36+R36+U36 -> 0 | F36: =+J36+M36+P36+S36+V36 -> 0
A37: psychiatr 2 | B37: 0 | C37: =+H37+K37+N37+Q37+T37 -> 0 | D37: =+C37-B37 -> 0 | E37: =+I37+L37+O37+R37+U37 -> 0 | F37: =+J37+M37+P37+S37+V37 -> 0
A38: psycholog 1 - 0,5 | B38: 0 | C38: =+H38+K38+N38+Q38+T38 -> 0 | D38: =+C38-B38 -> 0 | E38: =+I38+L38+O38+R38+U38 -> 0 | F38: =+J38+M38+P38+S38+V38 -> 0
A39: psycholog 2 | B39: 0 | C39: =+H39+K39+N39+Q39+T39 -> 0 | D39: =+C39-B39 -> 0 | E39: =+I39+L39+O39+R39+U39 -> 0 | F39: =+J39+M39+P39+S39+V39 -> 0
A40: výnosy TDZ Děčín | B40: =SUM(B41:B42) -> 0 | C40: =SUM(C41:C42) -> 0 | D40: =SUM(D41:D42) -> 0 | E40: =SUM(E41:E42) -> 0 | F40: =SUM(F41:F42) -> 0 | H40: =SUM(H41:H42) -> 0 | I40: =SUM(I41:I42) -> 0 | J40: =SUM(J41:J42) -> 0 | K40: =SUM(K41:K42) -> 0 | L40: =SUM(L41:L42) -> 0 | M40: =SUM(M41:M42) -> 0 | N40: =SUM(N41:N42) -> 0 | O40: =SUM(O41:O42) -> 0 | ... V40: =SUM(V41:V42) -> 0
A41: psych. s 1 | B41: 0 | C41: =+H41+K41+N41+Q41+T41 -> 0 | D41: =+C41-B41 -> 0 | E41: =+I41+L41+O41+R41+U41 -> 0 | F41: =+J41+M41+P41+S41+V41 -> 0
A42: psych. s 2 | B42: 0 | C42: =+H42+K42+N42+Q42+T42 -> 0 | D42: =+C42-B42 -> 0 | E42: =+I42+L42+O42+R42+U42 -> 0 | F42: =+J42+M42+P42+S42+V42 -> 0
A43: výnosy TDZ Most | B43: =SUM(B44:B45) -> 85000 | C43: =SUM(C44:C45) -> 89873.84 | D43: =SUM(D44:D45) -> 4873.84 | E43: =SUM(E44:E45) -> 98 | F43: =SUM(F44:F45) -> 6.5659722 | H43: =SUM(H44:H45) -> 5038.18 | I43: =SUM(I44:I45) -> 5 | J43: =SUM(J44:J45) -> 0.36805556 | K43: =SUM(K44:K45) -> 15589.84 | L43: =SUM(L44:L45) -> 15 | M43: =SUM(M44:M45) -> 1.1388889 | N43: =SUM(N44:N45) -> 24285.38 | O43: =SUM(O44:O45) -> 34 | ... V43: =SUM(V44:V45) -> 1.375
A44: psych. s 1 Prajzová 0,5 | B44: =200000/2*0.85 -> 85000 | C44: =+H44+K44+N44+Q44+T44 -> 89873.84 | D44: =+C44-B44 -> 4873.84 | E44: =+I44+L44+O44+R44+U44 -> 98 | F44: =+J44+M44+P44+S44+V44 -> 6.5659722 | H44: 5038.18 | I44: 5 | J44: 0.36805556 | K44: 15589.84 | L44: 15 | M44: 1.1388889 | N44: 24285.38 | O44: 34 | P44: 1.7743056 | Q44: 26138.56 | R44: 27 | S44: 1.9097222 | T44: 18821.88 | U44: 17 | V44: 1.375
A45: psych. s 2 | B45: 0 | C45: =+H45+K45+N45+Q45+T45 -> 0 | D45: =+C45-B45 -> 0 | E45: =+I45+L45+O45+R45+U45 -> 0 | F45: =+J45+M45+P45+S45+V45 -> 0
A46: výnosy TDZ Teplice | B46: =SUM(B47:B48) -> 0 | C46: =SUM(C47:C48) -> 0 | D46: =SUM(D47:D48) -> 0 | E46: =SUM(E47:E48) -> 0 | F46: =SUM(F47:F48) -> 0 | H46: =SUM(H47:H48) -> 0 | I46: =SUM(I47:I48) -> 0 | J46: =SUM(J47:J48) -> 0 | K46: =SUM(K47:K48) -> 0 | L46: =SUM(L47:L48) -> 0 | M46: =SUM(M47:M48) -> 0 | N46: =SUM(N47:N48) -> 0 | O46: =SUM(O47:O48) -> 0 | ... V46: =SUM(V47:V48) -> 0
A47: psych. s 1 | B47: 0 | C47: =+H47+K47+N47+Q47+T47 -> 0 | D47: =+C47-B47 -> 0 | E47: =+I47+L47+O47+R47+U47 -> 0 | F47: =+J47+M47+P47+S47+V47 -> 0
A48: psych. s 2 | B48: 0 | C48: =+H48+K48+N48+Q48+T48 -> 0 | D48: =+C48-B48 -> 0 | E48: =+I48+L48+O48+R48+U48 -> 0 | F48: =+J48+M48+P48+S48+V48 -> 0
A49: výnosy TDZ pro děti | B49: =SUM(B50:B51) -> 0 | C49: =SUM(C50:C51) -> 0 | D49: =SUM(D50:D51) -> 0 | E49: =SUM(E50:E51) -> 0 | F49: =SUM(F50:F51) -> 0 | H49: =SUM(H50:H51) -> 0 | I49: =SUM(I50:I51) -> 0 | J49: =SUM(J50:J51) -> 0 | K49: =SUM(K50:K51) -> 0 | L49: =SUM(L50:L51) -> 0 | M49: =SUM(M50:M51) -> 0 | N49: =SUM(N50:N51) -> 0 | O49: =SUM(O50:O51) -> 0 | ... V49: =SUM(V50:V51) -> 0
A50: psych. s 1 Skokanová | B50: 0 | C50: =+H50+K50+N50+Q50+T50 -> 0 | D50: =+C50-B50 -> 0 | E50: =+I50+L50+O50+R50+U50 -> 0 | F50: =+J50+M50+P50+S50+V50 -> 0
A51: psych. s 2 | B51: 0 | C51: =+H51+K51+N51+Q51+T51 -> 0 | D51: =+C51-B51 -> 0 | E51: =+I51+L51+O51+R51+U51 -> 0 | F51: =+J51+M51+P51+S51+V51 -> 0
A52: VÝNOSY CELKEM | B52: =+B49+B40+B31+B22+B13+B3+B46+B43 -> 2470000 | C52: =+C49+C40+C31+C22+C13+C3+C46+C43 -> 1791672.3 | D52: =+D49+D40+D31+D22+D13+D3+D46+D43 -> -678327.7 | E52: =+E49+E40+E31+E22+E13+E3+E46+E43 -> 1630 | F52: =+F49+F40+F31+F22+F13+F3+F46+F43 -> 106.31486 | H52: =+H49+H40+H31+H22+H13+H3+H46+H43 -> 59973.68 | I52: =+I49+I40+I31+I22+I13+I3+I46+I43 -> 58 | J52: =+J49+J40+J31+J22+J13+J3+J46+J43 -> 3.7013889 | K52: =+K49+K40+K31+K22+K13+K3+K46+K43 -> 370718.06 | L52: =+L49+L40+L31+L22+L13+L3+L46+L43 -> 323 | M52: =+M49+M40+M31+M22+M13+M3+M46+M43 -> 21.347222 | N52: =+N49+N40+N31+N22+N13+N3+N46+N43 -> 429853.36 | O52: =+O49+O40+O31+O22+O13+O3+O46+O43 -> 383 | ... V52: =+V49+V40+V31+V22+V13+V3+V46+V43 -> 28.179444
A54: NÁKLADY | B54: plán měsíce | C54: skutečnost měsíce | D54: rozdíl
A55: Mzdy a odvody pracovníků | B55: =+B56+B66+B75+B84+B93+B102+B96+B99 -> 1161780 | C55: =+C56+C66+C75+C84+C93+C102+C96+C99 -> 1153807 | D55: =+C55-B55 -> -7973
A56: 1. CDZ Ústí | B56: =SUM(B57:B65)*1.34 -> 633820 | C56: =SUM(C57:C65)*1.34 -> 630537 | D56: =+C56-B56 -> -3283
A57: =+A4 -> psych. s. 1 - NÁGLOVÁ | B57: 60000 | C57: 60000 | D57: =+C57-B57 -> 0
A58: =+A5 -> psych. s. 2 - HAJASOVÁ | B58: 47000 | C58: 49550 | D58: =+C58-B58 -> 2550
A59: =+A6 -> psych. s. 3 - KAŠPÁRKOVÁ/Pekárová | B59: 65000 | C59: 65000 | D59: =+C59-B59 -> 0
A60: =+A7 -> psych. s. 4 - | B60: 0 | C60: 0 | D60: =+C60-B60 -> 0
A61: =+A8 -> psychiatr - GÁBEL 0,2 | B61: 16000 | C61: 16000 | D61: =+C61-B61 -> 0
A62: =+A9 -> psychiatr - PFEIFFER 0,5 | B62: 85000 | C62: 85000 | D62: =+C62-B62 -> 0
A63: =+A10 -> psychiatr - Dr. Suchánková 1,0 | B63: 160000 | C63: 155000 | D63: =+C63-B63 -> -5000
A64: =+A11 -> psycholog 1 - Dr. Balko 0,2 | B64: 25000 | C64: 25000 | D64: =+C64-B64 -> 0
A65: =+A12 -> psycholog 2 - Lichtenbergová | B65: 15000 | C65: 15000 | D65: =+C65-B65 -> 0
A66: 2. CDZ Chomutov | B66: =SUM(B67:B74)*1.34 -> 154100 | C66: =SUM(C67:C74)*1.34 -> 157450 | D66: =+C66-B66 -> 3350
A67: =+A14 -> psych. s 1 - Blažková | B67: 55000 | C67: 56500 | D67: =+C67-B67 -> 1500
A68: =+A15 -> psych. s 2 - Pátková od 1.3 | B68: 60000 | C68: 61000 | D68: =+C68-B68 -> 1000
A69: =+A16 -> psych. s 3 | B69: 0 | C69: 0 | D69: =+C69-B69 -> 0
A70: =+A17 -> psych. s 4 | B70: 0 | C70: 0 | D70: =+C70-B70 -> 0
A71: =+A18 -> psychiatr 1 - 0,5 od 1.4 | B71: 0 | C71: 0 | D71: =+C71-B71 -> 0
A72: =+A19 -> psychiatr 2 | B72: 0 | C72: 0 | D72: =+C72-B72 -> 0
A73: =+A20 -> psycholog 1 - 0,5 | B73: 0 | C73: 0 | D73: =+C73-B73 -> 0
A74: =+A21 -> psycholog 2 | B74: 0 | C74: 0 | D74: =+C74-B74 -> 0
A75: 3. CDZ Žatec | B75: =SUM(B76:B83)*1.34 -> 254600 | C75: =SUM(C76:C83)*1.34 -> 251920 | D75: =+C75-B75 -> -2680
A76: =+A23 -> psych. s 1 - ZELENKOVÁ | B76: 75000 | C76: =+B76 -> 75000 | D76: =+C76-B76 -> 0
A77: =+A24 -> psych. s 2 - Vondráčková | B77: 60000 | C77: 58000 | D77: =+C77-B77 -> -2000
A78: =+A25 -> psych. s 3 - Nováková | B78: 55000 | C78: 55000 | D78: =+C78-B78 -> 0
A79: =+A26 -> všeob. s 4 - Dušková | B79: 0 | C79: 0 | D79: =+C79-B79 -> 0
A80: =+A27 -> psychiatr 1 - 0,5 od 1.4 | B80: 0 | C80: 0 | D80: =+C80-B80 -> 0
A81: =+A28 -> psychiatr 2 | B81: 0 | C81: 0 | D81: =+C81-B81 -> 0
A82: =+A29 -> psycholog 1 - 0,5 | B82: 0 | C82: 0 | D82: =+C82-B82 -> 0
A83: =+A30 -> psycholog 2 | B83: 0 | C83: 0 | D83: =+C83-B83 -> 0
A84: 4. CDZ Litoměřice | B84: =SUM(B85:B92)*1.34 -> 80400 | C84: =SUM(C85:C92)*1.34 -> 93800 | D84: =+C84-B84 -> 13400
A85: =+A32 -> psych. s 1 - Štréblová 0,2 od 1.3 od 5 celý | B85: 60000 | C85: 70000 | D85: =+C85-B85 -> 10000
A86: =+A33 -> psych. s 2 | B86: 0 | C86: 0 | D86: =+C86-B86 -> 0
A87: =+A34 -> psych. s 3 | B87: 0 | C87: 0 | D87: =+C87-B87 -> 0
A88: =+A35 -> psych. s 4 | B88: 0 | C88: 0 | D88: =+C88-B88 -> 0
A89: =+A36 -> psychiatr 1 - 0,5 | B89: 0 | C89: 0 | D89: =+C89-B89 -> 0
A90: =+A37 -> psychiatr 2 | B90: 0 | C90: 0 | D90: =+C90-B90 -> 0
A91: =+A38 -> psycholog 1 - 0,5 | B91: 0 | C91: 0 | D91: =+C91-B91 -> 0
A92: =+A39 -> psycholog 2 | B92: 0 | C92: 0 | D92: =+C92-B92 -> 0
A93: 5. TDZ Děčín | B93: =SUM(B94:B95)*1.34 -> 0 | C93: =SUM(C94:C95)*1.34 -> 0 | D93: =+C93-B93 -> 0
A94: =+A41 -> psych. s 1 | B94: 0 | C94: 0 | D94: =+C94-B94 -> 0
A95: =+A42 -> psych. s 2 | B95: 0 | C95: 0 | D95: =+C95-B95 -> 0
A96: 6. TDZ Most | B96: =SUM(B97:B98)*1.34 -> 20100 | C96: =SUM(C97:C98)*1.34 -> 20100 | D96: =+C96-B96 -> 0
A97: =+A44 -> psych. s 1 Prajzová 0,5 | B97: 15000 | C97: =+B97 -> 15000 | D97: =+C97-B97 -> 0
A98: =+A45 -> psych. s 2 | B98: 0 | C98: 0 | D98: =+C98-B98 -> 0
A99: 7. TDZ Teplice | B99: =SUM(B100:B101)*1.34 -> 0 | C99: =SUM(C100:C101)*1.34 -> 0 | D99: =+C99-B99 -> 0
A100: =+A47 -> psych. s 1 | B100: 0 | C100: 0 | D100: =+C100-B100 -> 0
A101: =+A48 -> psych. s 2 | B101: 0 | C101: 0 | D101: =+C101-B101 -> 0
...

Sheet červen 2025
A1: VÝNOSY | H1: týden 1 (zpravidla dělený s předchozím měsícem) | K1: týden 2 | N1: týden 3 | Q1: týden 4 | T1: týden 5 (zpravidla dělený s následujícím měsícem)
A2: Středisko/pracovník | B2: plán měsíce | C2: skutečnost měsíce | D2: rozdíl | E2: počet intervencí | F2: odpracováno hod. | H2: výkony /týden | I2: počet intervencí | J2: odpracováno hod. | K2: výkony /týden | L2: počet intervencí | M2: odpracováno hod. | N2: výkony /týden | O2: počet intervencí | P2: odpracováno hod. | Q2: výkony /týden | R2: počet intervencí | S2: odpracováno hod. | T2: výkony /týden | U2: počet intervencí | V2: odpracováno hod.
A3: výnosy CDZ Ústí | B3: =SUM(B4:B12) -> 1165000 | C3: =SUM(C4:C12) -> 1201249.8 | D3: =SUM(D4:D12) -> 36249.76 | E3: =SUM(E4:E12) -> 955 | F3: =SUM(F4:F12) -> 60.368056 | H3: =SUM(H4:H12) -> 329425.92 | I3: =SUM(I4:I12) -> 262 | J3: =SUM(J4:J12) -> 16.28125 | K3: =SUM(K4:K12) -> 298428.08 | L3: =SUM(L4:L12) -> 231 | M3: =SUM(M4:M12) -> 14.645833 | N3: =SUM(N4:N12) -> 277615.08 | O3: =SUM(O4:O12) -> 214 | ... V3: =SUM(V4:V12) -> 2.7152778
A4: psych. s. 1 - NÁGLOVÁ | B4: 200000 | C4: =+H4+K4+N4+Q4+T4 -> 205111.76 | D4: =+C4-B4 -> 5111.76 | E4: =+I4+L4+O4+R4+U4 -> 223 | F4: =+J4+M4+P4+S4+V4 -> 12.576389 | H4: 41449.32 | I4: 45 | J4: 2.6006944 | K4: 55616 | L4: 64 | M4: 3.3333333 | N4: 45092.16 | O4: 47 | P4: 2.7743056 | Q4: 50340.96 | R4: 55 | S4: 3.1111111 | T4: 12613.32 | U4: 12 | V4: 0.75694444
A5: psych. s. 2 - HAJASOVÁ | B5: 200000 | C5: =+H5+K5+N5+Q5+T5 -> 128852.64 | D5: =+C5-B5 -> -71147.36 | E5: =+I5+L5+O5+R5+U5 -> 113 | F5: =+J5+M5+P5+S5+V5 -> 8.2361111 | H5: 32020.92 | I5: 27 | J5: 2.0208333 | K5: 23442.48 | L5: 22 | M5: 1.4861111 | N5: 30880.44 | O5: 27 | P5: 1.9791667 | Q5: 34624.8 | R5: 31 | S5: 2.25 | T5: 7884 | U5: 6 | V5: 0.5
A6: psych. s. 3 - KAŠPÁRKOVÁ/Pekárová | B6: 200000 | C6: =+H6+K6+N6+Q6+T6 -> 151512.12 | D6: =+C6-B6 -> -48487.88 | E6: =+I6+L6+O6+R6+U6 -> 141 | F6: =+J6+M6+P6+S6+V6 -> 9.3680556 | H6: 53070.12 | I6: 52 | J6: 3.2013889 | K6: 22628.16 | L6: 18 | M6: 1.5 | N6: 31428 | O6: 25 | P6: 2.0833333 | Q6: 35702.64 | R6: 40 | S6: 2.0416667 | T6: 8683.2 | U6: 6 | V6: 0.54166667
A7: psychiatr - Dr. Holá 0,2 | B7: 0 | C7: =+H7+K7+N7+Q7+T7 -> 80771.04 | D7: =+C7-B7 -> 80771.04 | E7: =+I7+L7+O7+R7+U7 -> 49 | F7: =+J7+M7+P7+S7+V7 -> 3.3819444 | H7: 20129.04 | I7: 10 | J7: 0.80555556 | K7: 19632.24 | L7: 13 | M7: 0.81944444 | N7: 17665.56 | O7: 11 | P7: 0.75 | Q7: 23344.2 | R7: 15 | S7: 1.0069444
A8: psychiatr - GÁBEL 0,2 | B8: =450000*0.2 -> 90000 | C8: =+H8+K8+N8+Q8+T8 -> 11723.4 | D8: =+C8-B8 -> -78276.6 | E8: =+I8+L8+O8+R8+U8 -> 25 | F8: =+J8+M8+P8+S8+V8 -> 0.58333333 | H8: 4990.68 | I8: 7 | J8: 0.27777778 | K8: 1776.6 | L8: 6 | M8: 0.076388889 | N8: 2984.04 | O8: 6 | P8: 0.14583333 | Q8: 1972.08 | R8: 6 | S8: 0.083333333
A9: psychiatr - PFEIFFER 0,5 | B9: =450000*0.5 -> 225000 | C9: =+H9+K9+N9+Q9+T9 -> 167688.36 | D9: =+C9-B9 -> -57311.64 | E9: =+I9+L9+O9+R9+U9 -> 122 | F9: =+J9+M9+P9+S9+V9 -> 7.0902778 | H9: 63406.8 | I9: 45 | J9: 2.5902778 | K9: 53291.52 | L9: 39 | M9: 2.3055556 | N9: 50990.04 | O9: 38 | P9: 2.1944444
A10: psychiatr - Dr. Suchánková 0,5 | B10: =450000/2 -> 225000 | C10: =+H10+K10+N10+Q10+T10 -> 426534.12 | D10: =+C10-B10 -> 201534.12 | E10: =+I10+L10+O10+R10+U10 -> 270 | F10: =+J10+M10+P10+S10+V10 -> 18.131944 | H10: 104673.6 | I10: 72 | J10: 4.4513889 | K10: 112355.64 | L10: 65 | M10: 4.7916667 | N10: 91310.76 | O10: 57 | P10: 3.9027778 | Q10: 96326.28 | R10: 64 | S10: 4.0694444 | T10: 21867.84 | U10: 12 | V10: 0.91666667
A11: psycholog 1 - Dr. Balko 0,2 | B11: 25000 | C11: =+H11+K11+N11+Q11+T11 -> 29056.32 | D11: =+C11-B11 -> 4056.32 | E11: =+I11+L11+O11+R11+U11 -> 12 | F11: =+J11+M11+P11+S11+V11 -> 1 | H11: 9685.44 | I11: 4 | J11: 0.33333333 | K11: 9685.44 | L11: 4 | M11: 0.33333333 | N11: 7264.08 | O11: 3 | P11: 0.25 | Q11: 2421.36 | R11: 1 | S11: 0.083333333
A12: psycholog 2 - Lichtenbergová | B12: 0 | C12: =+H12+K12+N12+Q12+T12 -> 0 | D12: =+C12-B12 -> 0 | E12: =+I12+L12+O12+R12+U12 -> 0 | F12: =+J12+M12+P12+S12+V12 -> 0
A13: výnosy CDZ Chomutov | B13: =SUM(B14:B21) -> 340000 | C13: =SUM(C14:C21) -> 246905.12 | D13: =SUM(D14:D21) -> -93094.88 | E13: =SUM(E14:E21) -> 303 | F13: =SUM(F14:F21) -> 18.038194 | H13: =SUM(H14:H21) -> 54277.3 | I13: =SUM(I14:I21) -> 59 | J13: =SUM(J14:J21) -> 3.9652778 | K13: =SUM(K14:K21) -> 59978.94 | L13: =SUM(L14:L21) -> 69 | M13: =SUM(M14:M21) -> 4.3819444 | N13: =SUM(N14:N21) -> 58793.14 | O13: =SUM(O14:O21) -> 77 | ... V13: =SUM(V14:V21) -> 1.1319444
A14: psych. s 1 - Blažková | B14: =200000*0.85 -> 170000 | C14: =+H14+K14+N14+Q14+T14 -> 126470.96 | D14: =+C14-B14 -> -43529.04 | E14: =+I14+L14+O14+R14+U14 -> 181 | F14: =+J14+M14+P14+S14+V14 -> 9.2395833 | H14: 27852.58 | I14: 35 | J14: 2.0347222 | K14: 29466.64 | L14: 43 | M14: 2.1527778 | N14: 31320.8 | O14: 45 | P14: 2.2881944 | Q14: 29561.7 | R14: 46 | S14: 2.1597222 | T14: 8269.24 | U14: 12 | V14: 0.60416667
A15: psych. s 2 - Pátková od 1.3 | B15: =200000*0.85 -> 170000 | C15: =+H15+K15+N15+Q15+T15 -> 120434.16 | D15: =+C15-B15 -> -49565.84 | E15: =+I15+L15+O15+R15+U15 -> 122 | F15: =+J15+M15+P15+S15+V15 -> 8.7986111 | H15: 26424.72 | I15: 24 | J15: 1.9305556 | K15: 30512.3 | L15: 26 | M15: 2.2291667 | N15: 27472.34 | O15: 32 | P15: 2.0069444 | Q15: 28801.22 | R15: 33 | S15: 2.1041667 | T15: 7223.58 | U15: 7 | V15: 0.52777778
A16: psych. s 3 | B16: 0 | C16: =+H16+K16+N16+Q16+T16 -> 0 | D16: =+C16-B16 -> 0 | E16: =+I16+L16+O16+R16+U16 -> 0 | F16: =+J16+M16+P16+S16+V16 -> 0
A17: psych. s 4 | B17: 0 | C17: =+H17+K17+N17+Q17+T17 -> 0 | D17: =+C17-B17 -> 0 | E17: =+I17+L17+O17+R17+U17 -> 0 | F17: =+J17+M17+P17+S17+V17 -> 0
A18: psychiatr 1 - 0,5 od 1.4 | B18: 0 | C18: =+H18+K18+N18+Q18+T18 -> 0 | D18: =+C18-B18 -> 0 | E18: =+I18+L18+O18+R18+U18 -> 0 | F18: =+J18+M18+P18+S18+V18 -> 0
A19: psychiatr 2 | B19: 0 | C19: =+H19+K19+N19+Q19+T19 -> 0 | D19: =+C19-B19 -> 0 | E19: =+I19+L19+O19+R19+U19 -> 0 | F19: =+J19+M19+P19+S19+V19 -> 0
A20: psycholog 1 - 0,5 | B20: 0 | C20: =+H20+K20+N20+Q20+T20 -> 0 | D20: =+C20-B20 -> 0 | E20: =+I20+L20+O20+R20+U20 -> 0 | F20: =+J20+M20+P20+S20+V20 -> 0
A21: psycholog 2 | B21: 0 | C21: =+H21+K21+N21+Q21+T21 -> 0 | D21: =+C21-B21 -> 0 | E21: =+I21+L21+O21+R21+U21 -> 0 | F21: =+J21+M21+P21+S21+V21 -> 0
A22: výnosy CDZ Žatec | B22: =SUM(B23:B30) -> 735000 | C22: =SUM(C23:C30) -> 353247.12 | D22: =SUM(D23:D30) -> -381752.88 | E22: =SUM(E23:E30) -> 353 | F22: =SUM(F23:F30) -> 25.243056 | H22: =SUM(H23:H30) -> 78782.38 | I22: =SUM(I23:I30) -> 78 | J22: =SUM(J23:J30) -> 5.7361111 | K22: =SUM(K23:K30) -> 85122.88 | L22: =SUM(L23:L30) -> 82 | M22: =SUM(M23:M30) -> 6 | N22: =SUM(N23:N30) -> 99236.9 | O22: =SUM(O23:O30) -> 95 | ... V22: =SUM(V23:V30) -> 1.1666667
A23: psych. s 1 - ZELENKOVÁ | B23: =200000*0.85 -> 170000 | C23: =+H23+K23+N23+Q23+T23 -> 115967.32 | D23: =+C23-B23 -> -54032.68 | E23: =+I23+L23+O23+R23+U23 -> 126 | F23: =+J23+M23+P23+S23+V23 -> 8.4722222 | H23: 28898.24 | I23: 31 | J23: 2.1111111 | K23: 24807.72 | L23: 26 | M23: 1.8125 | N23: 35740.6 | O23: 38 | P23: 2.6111111 | Q23: 26520.76 | R23: 31 | S23: 1.9375
A24: psych. s 2 - Vondráčková | B24: =200000*0.85 -> 170000 | C24: =+H24+K24+N24+Q24+T24 -> 107606.94 | D24: =+C24-B24 -> -62393.06 | E24: =+I24+L24+O24+R24+U24 -> 97 | F24: =+J24+M24+P24+S24+V24 -> 7.8611111 | H24: 25285.96 | I24: 21 | J24: 1.8472222 | K24: 23669.94 | L24: 22 | M24: 1.7291667 | N24: 28707.14 | O24: 26 | P24: 2.0972222 | Q24: 21958.86 | R24: 22 | S24: 1.6041667 | T24: 7985.04 | U24: 6 | V24: 0.58333333
A25: psych. s 3 - Nováková | B25: =200000*0.85 -> 170000 | C25: =+H25+K25+N25+Q25+T25 -> 113784.86 | D25: =+C25-B25 -> -56215.14 | E25: =+I25+L25+O25+R25+U25 -> 115 | F25: =+J25+M25+P25+S25+V25 -> 8.3125 | H25: 24050.18 | I25: 25 | J25: 1.7569444 | K25: 30418.22 | L25: 29 | M25: 2.2222222 | N25: 30323.16 | O25: 29 | P25: 2.2152778 | Q25: 21008.26 | R25: 26 | S25: 1.5347222 | T25: 7985.04 | U25: 6 | V25: 0.58333333
A26: všeob. s 4 - Dušková | B26: 0 | C26: =+H26+K26+N26+Q26+T26 -> 0 | D26: =+C26-B26 -> 0 | E26: =+I26+L26+O26+R26+U26 -> 0 | F26: =+J26+M26+P26+S26+V26 -> 0
A27: psychiatr - Dr. Suchánková 0,5 | B27: =450000/2 -> 225000 | C27: =+H27+K27+N27+Q27+T27 -> 15888 | D27: =+C27-B27 -> -209112 | E27: =+I27+L27+O27+R27+U27 -> 15 | F27: =+J27+M27+P27+S27+V27 -> 0.59722222 | H27: 548 | I27: 1 | J27: 0.020833333 | K27: 6227 | L27: 5 | M27: 0.23611111 | N27: 4466 | O27: 2 | P27: 0.16666667 | Q27: 4647 | R27: 7 | S27: 0.17361111
A28: psychiatr 2 | B28: 0 | C28: =+H28+K28+N28+Q28+T28 -> 0 | D28: =+C28-B28 -> 0 | E28: =+I28+L28+O28+R28+U28 -> 0 | F28: =+J28+M28+P28+S28+V28 -> 0
A29: psycholog 1 - 0,5 | B29: 0 | C29: =+H29+K29+N29+Q29+T29 -> 0 | D29: =+C29-B29 -> 0 | E29: =+I29+L29+O29+R29+U29 -> 0 | F29: =+J29+M29+P29+S29+V29 -> 0
A30: psycholog 2 | B30: 0 | C30: =+H30+K30+N30+Q30+T30 -> 0 | D30: =+C30-B30 -> 0 | E30: =+I30+L30+O30+R30+U30 -> 0 | F30: =+J30+M30+P30+S30+V30 -> 0
A31: výnosy CDZ Litoměřice | B31: =SUM(B32:B39) -> 170000 | C31: =SUM(C32:C39) -> 110984.8 | D31: =SUM(D32:D39) -> -59015.2 | E31: =SUM(E32:E39) -> 131 | F31: =SUM(F32:F39) -> 8.1076389 | H31: =SUM(H32:H39) -> 24335.36 | I31: =SUM(I32:I39) -> 28 | J31: =SUM(J32:J39) -> 1.7777778 | K31: =SUM(K32:K39) -> 27186.18 | L31: =SUM(L32:L39) -> 33 | M31: =SUM(M32:M39) -> 1.9861111 | N31: =SUM(N32:N39) -> 27092.1 | O31: =SUM(O32:O39) -> 33 | ... V31: =SUM(V32:V39) -> 0.39583333
A32: psych. s 1 - Štréblová 0,2 od 1.3 od 5 celý | B32: =200000*0.85 -> 170000 | C32: =+H32+K32+N32+Q32+T32 -> 110984.8 | D32: =+C32-B32 -> -59015.2 | E32: =+I32+L32+O32+R32+U32 -> 131 | F32: =+J32+M32+P32+S32+V32 -> 8.1076389 | H32: 24335.36 | I32: 28 | J32: 1.7777778 | K32: 27186.18 | L32: 33 | M32: 1.9861111 | N32: 27092.1 | O32: 33 | P32: 1.9791667 | Q32: 26952.74 | R32: 32 | S32: 1.96875 | T32: 5418.42 | U32: 5 | V32: 0.39583333
A33: psych. s 2 | B33: 0 | C33: =+H33+K33+N33+Q33+T33 -> 0 | D33: =+C33-B33 -> 0 | E33: =+I33+L33+O33+R33+U33 -> 0 | F33: =+J33+M33+P33+S33+V33 -> 0
A34: psych. s 3 | B34: 0 | C34: =+H34+K34+N34+Q34+T34 -> 0 | D34: =+C34-B34 -> 0 | E34: =+I34+L34+O34+R34+U34 -> 0 | F34: =+J34+M34+P34+S34+V34 -> 0
A35: psych. s 4 | B35: 0 | C35: =+H35+K35+N35+Q35+T35 -> 0 | D35: =+C35-B35 -> 0 | E35: =+I35+L35+O35+R35+U35 -> 0 | F35: =+J35+M35+P35+S35+V35 -> 0
A36: psychiatr 1 - 0,5 | B36: 0 | C36: =+H36+K36+N36+Q36+T36 -> 0 | D36: =+C36-B36 -> 0 | E36: =+I36+L36+O36+R36+U36 -> 0 | F36: =+J36+M36+P36+S36+V36 -> 0
A37: psychiatr 2 | B37: 0 | C37: =+H37+K37+N37+Q37+T37 -> 0 | D37: =+C37-B37 -> 0 | E37: =+I37+L37+O37+R37+U37 -> 0 | F37: =+J37+M37+P37+S37+V37 -> 0
A38: psycholog 1 - 0,5 | B38: 0 | C38: =+H38+K38+N38+Q38+T38 -> 0 | D38: =+C38-B38 -> 0 | E38: =+I38+L38+O38+R38+U38 -> 0 | F38: =+J38+M38+P38+S38+V38 -> 0
A39: psycholog 2 | B39: 0 | C39: =+H39+K39+N39+Q39+T39 -> 0 | D39: =+C39-B39 -> 0 | E39: =+I39+L39+O39+R39+U39 -> 0 | F39: =+J39+M39+P39+S39+V39 -> 0
A40: výnosy TDZ Děčín | B40: =SUM(B41:B42) -> 0 | C40: =SUM(C41:C42) -> 0 | D40: =SUM(D41:D42) -> 0 | E40: =SUM(E41:E42) -> 0 | F40: =SUM(F41:F42) -> 0 | H40: =SUM(H41:H42) -> 0 | I40: =SUM(I41:I42) -> 0 | J40: =SUM(J41:J42) -> 0 | K40: =SUM(K41:K42) -> 0 | L40: =SUM(L41:L42) -> 0 | M40: =SUM(M41:M42) -> 0 | N40: =SUM(N41:N42) -> 0 | O40: =SUM(O41:O42) -> 0 | ... V40: =SUM(V41:V42) -> 0
A41: psych. s 1 | B41: 0 | C41: =+H41+K41+N41+Q41+T41 -> 0 | D41: =+C41-B41 -> 0 | E41: =+I41+L41+O41+R41+U41 -> 0 | F41: =+J41+M41+P41+S41+V41 -> 0
A42: psych. s 2 | B42: 0 | C42: =+H42+K42+N42+Q42+T42 -> 0 | D42: =+C42-B42 -> 0 | E42: =+I42+L42+O42+R42+U42 -> 0 | F42: =+J42+M42+P42+S42+V42 -> 0
A43: výnosy TDZ Most | B43: =SUM(B44:B45) -> 85000 | C43: =SUM(C44:C45) -> 66776.22 | D43: =SUM(D44:D45) -> -18223.78 | E43: =SUM(E44:E45) -> 74 | F43: =SUM(F44:F45) -> 4.8784722 | H43: =SUM(H44:H45) -> 15682.94 | I43: =SUM(I44:I45) -> 18 | J43: =SUM(J44:J45) -> 1.1458333 | K43: =SUM(K44:K45) -> 15875.02 | L43: =SUM(L44:L45) -> 13 | M43: =SUM(M44:M45) -> 1.1597222 | N43: =SUM(N44:N45) -> 13829.76 | O43: =SUM(O44:O45) -> 14 | ... V43: =SUM(V44:V45) -> 0.23611111
A44: psych. s 1 Prajzová 0,5 | B44: =200000/2*0.85 -> 85000 | C44: =+H44+K44+N44+Q44+T44 -> 66776.22 | D44: =+C44-B44 -> -18223.78 | E44: =+I44+L44+O44+R44+U44 -> 74 | F44: =+J44+M44+P44+S44+V44 -> 4.8784722 | H44: 15682.94 | I44: 18 | J44: 1.1458333 | K44: 15875.02 | L44: 13 | M44: 1.1597222 | N44: 13829.76 | O44: 14 | P44: 1.0104167 | Q44: 18156.46 | R44: 22 | S44: 1.3263889 | T44: 3232.04 | U44: 7 | V44: 0.23611111
A45: psych. s 2 | B45: 0 | C45: =+H45+K45+N45+Q45+T45 -> 0 | D45: =+C45-B45 -> 0 | E45: =+I45+L45+O45+R45+U45 -> 0 | F45: =+J45+M45+P45+S45+V45 -> 0
A46: výnosy TDZ Teplice | B46: =SUM(B47:B48) -> 0 | C46: =SUM(C47:C48) -> 0 | D46: =SUM(D47:D48) -> 0 | E46: =SUM(E47:E48) -> 0 | F46: =SUM(F47:F48) -> 0 | H46: =SUM(H47:H48) -> 0 | I46: =SUM(I47:I48) -> 0 | J46: =SUM(J47:J48) -> 0 | K46: =SUM(K47:K48) -> 0 | L46: =SUM(L47:L48) -> 0 | M46: =SUM(M47:M48) -> 0 | N46: =SUM(N47:N48) -> 0 | O46: =SUM(O47:O48) -> 0 | ... V46: =SUM(V47:V48) -> 0
A47: psych. s 1 | B47: 0 | C47: =+H47+K47+N47+Q47+T47 -> 0 | D47: =+C47-B47 -> 0 | E47: =+I47+L47+O47+R47+U47 -> 0 | F47: =+J47+M47+P47+S47+V47 -> 0
A48: psych. s 2 | B48: 0 | C48: =+H48+K48+N48+Q48+T48 -> 0 | D48: =+C48-B48 -> 0 | E48: =+I48+L48+O48+R48+U48 -> 0 | F48: =+J48+M48+P48+S48+V48 -> 0
A49: výnosy TDZ pro děti | B49: =SUM(B50:B51) -> 0 | C49: =SUM(C50:C51) -> 0 | D49: =SUM(D50:D51) -> 0 | E49: =SUM(E50:E51) -> 0 | F49: =SUM(F50:F51) -> 0 | H49: =SUM(H50:H51) -> 0 | I49: =SUM(I50:I51) -> 0 | J49: =SUM(J50:J51) -> 0 | K49: =SUM(K50:K51) -> 0 | L49: =SUM(L50:L51) -> 0 | M49: =SUM(M50:M51) -> 0 | N49: =SUM(N50:N51) -> 0 | O49: =SUM(O50:O51) -> 0 | ... V49: =SUM(V50:V51) -> 0
A50: psych. s 1 | B50: 0 | C50: =+H50+K50+N50+Q50+T50 -> 0 | D50: =+C50-B50 -> 0 | E50: =+I50+L50+O50+R50+U50 -> 0 | F50: =+J50+M50+P50+S50+V50 -> 0
A51: psych. s 2 | B51: 0 | C51: =+H51+K51+N51+Q51+T51 -> 0 | D51: =+C51-B51 -> 0 | E51: =+I51+L51+O51+R51+U51 -> 0 | F51: =+J51+M51+P51+S51+V51 -> 0
A52: VÝNOSY CELKEM | B52: =+B49+B40+B31+B22+B13+B3+B46+B43 -> 2495000 | C52: =+C49+C40+C31+C22+C13+C3+C46+C43 -> 1979163 | D52: =+D49+D40+D31+D22+D13+D3+D46+D43 -> -515836.98 | E52: =+E49+E40+E31+E22+E13+E3+E46+E43 -> 1816 | F52: =+F49+F40+F31+F22+F13+F3+F46+F43 -> 116.63542 | H52: =+H49+H40+H31+H22+H13+H3+H46+H43 -> 502503.9 | I52: =+I49+I40+I31+I22+I13+I3+I46+I43 -> 445 | J52: =+J49+J40+J31+J22+J13+J3+J46+J43 -> 28.90625 | K52: =+K49+K40+K31+K22+K13+K3+K46+K43 -> 486591.1 | L52: =+L49+L40+L31+L22+L13+L3+L46+L43 -> 428 | M52: =+M49+M40+M31+M22+M13+M3+M46+M43 -> 28.173611 | N52: =+N49+N40+N31+N22+N13+N3+N46+N43 -> 476566.98 | O52: =+O49+O40+O31+O22+O13+O3+O46+O43 -> 433 | ... V52: =+V49+V40+V31+V22+V13+V3+V46+V43 -> 5.6458333
A54: NÁKLADY | B54: plán měsíce | C54: skutečnost měsíce | D54: rozdíl
A55: Mzdy a odvody pracovníků | B55: =+B56+B66+B75+B84+B93+B102+B96+B99 -> 1207340 | C55: =+C56+C66+C75+C84+C93+C102+C96+C99 -> 1211043.8 | D55: =+C55-B55 -> 3703.76
A56: 1. CDZ Ústí | B56: =SUM(B57:B65)*1.34 -> 674020 | C56: =SUM(C57:C65)*1.34 -> 685093.76 | D56: =+C56-B56 -> 11073.76
A57: =+A4 -> psych. s. 1 - NÁGLOVÁ | B57: 60000 | C57: 62550 | D57: =+C57-B57 -> 2550
A58: =+A5 -> psych. s. 2 - HAJASOVÁ | B58: 47000 | C58: 47000 | D58: =+C58-B58 -> 0
A59: =+A6 -> psych. s. 3 - KAŠPÁRKOVÁ/Pekárová | B59: 65000 | C59: 65000 | D59: =+C59-B59 -> 0
A60: =+A7 -> psychiatr - Dr. Holá 0,2 | B60: 30000 | C60: 35714 | D60: =+C60-B60 -> 5714
A61: =+A8 -> psychiatr - GÁBEL 0,2 | B61: 16000 | C61: 16000 | D61: =+C61-B61 -> 0
A62: =+A9 -> psychiatr - PFEIFFER 0,5 | B62: 85000 | C62: 85000 | D62: =+C62-B62 -> 0
A63: =+A10 -> psychiatr - Dr. Suchánková 0,5 | B63: 160000 | C63: 160000 | D63: =+C63-B63 -> 0
A64: =+A11 -> psycholog 1 - Dr. Balko 0,2 | B64: 25000 | C64: 25000 | D64: =+C64-B64 -> 0
A65: =+A12 -> psycholog 2 - Lichtenbergová | B65: 15000 | C65: 15000 | D65: =+C65-B65 -> 0
A66: 2. CDZ Chomutov | B66: =SUM(B67:B74)*1.34 -> 154100 | C66: =SUM(C67:C74)*1.34 -> 158120 | D66: =+C66-B66 -> 4020
A67: =+A14 -> psych. s 1 - Blažková | B67: 55000 | C67: 56500 | D67: =+C67-B67 -> 1500
A68: =+A15 -> psych. s 2 - Pátková od 1.3 | B68: 60000 | C68: 61500 | D68: =+C68-B68 -> 1500
A69: =+A16 -> psych. s 3 | B69: 0 | C69: 0 | D69: =+C69-B69 -> 0
A70: =+A17 -> psych. s 4 | B70: 0 | C70: 0 | D70: =+C70-B70 -> 0
A71: =+A18 -> psychiatr 1 - 0,5 od 1.4 | B71: 0 | C71: 0 | D71: =+C71-B71 -> 0
A72: =+A19 -> psychiatr 2 | B72: 0 | C72: 0 | D72: =+C72-B72 -> 0
A73: =+A20 -> psycholog 1 - 0,5 | B73: 0 | C73: 0 | D73: =+C73-B73 -> 0
A74: =+A21 -> psycholog 2 | B74: 0 | C74: 0 | D74: =+C74-B74 -> 0
A75: 3. CDZ Žatec | B75: =SUM(B76:B83)*1.34 -> 251920 | C75: =SUM(C76:C83)*1.34 -> 240530 | D75: =+C75-B75 -> -11390
A76: =+A23 -> psych. s 1 - ZELENKOVÁ | B76: 75000 | C76: 66500 | D76: =+C76-B76 -> -8500
A77: =+A24 -> psych. s 2 - Vondráčková | B77: 58000 | C77: 58000 | D77: =+C77-B77 -> 0
A78: =+A25 -> psych. s 3 - Nováková | B78: 55000 | C78: 55000 | D78: =+C78-B78 -> 0
A79: =+A26 -> všeob. s 4 - Dušková | B79: 0 | C79: 0 | D79: =+C79-B79 -> 0
A80: =+A27 -> psychiatr - Dr. Suchánková 0,5 | B80: 0 | C80: 0 | D80: =+C80-B80 -> 0
A81: =+A28 -> psychiatr 2 | B81: 0 | C81: 0 | D81: =+C81-B81 -> 0
A82: =+A29 -> psycholog 1 - 0,5 | B82: 0 | C82: 0 | D82: =+C82-B82 -> 0
A83: =+A30 -> psycholog 2 | B83: 0 | C83: 0 | D83: =+C83-B83 -> 0
A84: 4. CDZ Litoměřice | B84: =SUM(B85:B92)*1.34 -> 93800 | C84: =SUM(C85:C92)*1.34 -> 93800 | D84: =+C84-B84 -> 0
A85: =+A32 -> psych. s 1 - Štréblová 0,2 od 1.3 od 5 celý | B85: 70000 | C85: 70000 | D85: =+C85-B85 -> 0
A86: =+A33 -> psych. s 2 | B86: 0 | C86: 0 | D86: =+C86-B86 -> 0
A87: =+A34 -> psych. s 3 | B87: 0 | C87: 0 | D87: =+C87-B87 -> 0
A88: =+A35 -> psych. s 4 | B88: 0 | C88: 0 | D88: =+C88-B88 -> 0
A89: =+A36 -> psychiatr 1 - 0,5 | B89: 0 | C89: 0 | D89: =+C89-B89 -> 0
A90: =+A37 -> psychiatr 2 | B90: 0 | C90: 0 | D90: =+C90-B90 -> 0
A91: =+A38 -> psycholog 1 - 0,5 | B91: 0 | C91: 0 | D91: =+C91-B91 -> 0
A92: =+A39 -> psycholog 2 | B92: 0 | C92: 0 | D92: =+C92-B92 -> 0
A93: 5. TDZ Děčín | B93: =SUM(B94:B95)*1.34 -> 0 | C93: =SUM(C94:C95)*1.34 -> 0 | D93: =+C93-B93 -> 0
A94: =+A41 -> psych. s 1 | B94: 0 | C94: 0 | D94: =+C94-B94 -> 0
A95: =+A42 -> psych. s 2 | B95: 0 | C95: 0 | D95: =+C95-B95 -> 0
A96: 6. TDZ Most | B96: =SUM(B97:B98)*1.34 -> 33500 | C96: =SUM(C97:C98)*1.34 -> 33500 | D96: =+C96-B96 -> 0
A97: =+A44 -> psych. s 1 Prajzová 0,5 | B97: 25000 | C97: 25000 | D97: =+C97-B97 -> 0
A98: =+A45 -> psych. s 2 | B98: 0 | C98: 0 | D98: =+C98-B98 -> 0
A99: 7. TDZ Teplice | B99: =SUM(B100:B101)*1.34 -> 0 | C99: =SUM(C100:C101)*1.34 -> 0 | D99: =+C99-B99 -> 0
A100: =+A47 -> psych. s 1 | B100: 0 | C100: 0 | D100: =+C100-B100 -> 0
A101: =+A48 -> psych. s 2 | B101: 0 | C101: 0 | D101: =+C101-B101 -> 0
...

Sheet červenec 2025
A1: VÝNOSY | H1: týden 1 (zpravidla dělený s předchozím měsícem) | K1: týden 2 | N1: týden 3 | Q1: týden 4 | T1: týden 5 (zpravidla dělený s následujícím měsícem)
A2: Středisko/pracovník | B2: plán měsíce | C2: skutečnost měsíce | D2: rozdíl | E2: počet intervencí | F2: odpracováno hod. | H2: výkony /týden | I2: počet intervencí | J2: odpracováno hod. | K2: výkony /týden | L2: počet intervencí | M2: odpracováno hod. | N2: výkony /týden | O2: počet intervencí | P2: odpracováno hod. | Q2: výkony /týden | R2: počet intervencí | S2: odpracováno hod. | T2: výkony /týden | U2: počet intervencí | V2: odpracováno hod.
A3: výnosy CDZ Ústí | B3: =SUM(B4:B12) -> 1165000 | C3: =SUM(C4:C12) -> 1039019.4 | D3: =SUM(D4:D12) -> -125980.59 | E3: =SUM(E4:E12) -> 847 | F3: =SUM(F4:F12) -> 53.426389 | H3: =SUM(H4:H12) -> 193213.08 | I3: =SUM(I4:I12) -> 156 | J3: =SUM(J4:J12) -> 9.7847222 | K3: =SUM(K4:K12) -> 157461.85 | L3: =SUM(L4:L12) -> 131 | M3: =SUM(M4:M12) -> 8.3958333 | N3: =SUM(N4:N12) -> 152020.8 | O3: =SUM(O4:O12) -> 125 | ... V3: =SUM(V4:V12) -> 12.270833
A4: psych. s. 1 - NÁGLOVÁ | B4: 200000 | C4: =+H4+K4+N4+Q4+T4 -> 186967.45 | D4: =+C4-B4 -> -13032.55 | E4: =+I4+L4+O4+R4+U4 -> 206 | F4: =+J4+M4+P4+S4+V4 -> 11.399306 | H4: 37021.32 | I4: 39 | J4: 2.3298611 | K4: 52219.09 | L4: 54 | M4: 3.1111111 | Q4: 56867.4 | R4: 66 | S4: 3.4305556 | T4: 40859.64 | U4: 47 | V4: 2.5277778
A5: psych. s. 2 - HAJASOVÁ | B5: 200000 | C5: =+H5+K5+N5+Q5+T5 -> 126559.8 | D5: =+C5-B5 -> -73440.2 | E5: =+I5+L5+O5+R5+U5 -> 113 | F5: =+J5+M5+P5+S5+V5 -> 7.8923611 | H5: 14340.24 | I5: 11 | J5: 0.91666667 | N5: 35385.12 | O5: 33 | P5: 2.1875 | Q5: 38593.8 | R5: 34 | S5: 2.4340278 | T5: 38240.64 | U5: 35 | V5: 2.3541667
A6: psych. s. 3 - KAŠPÁRKOVÁ/Pekárová | B6: 200000 | C6: =+H6+K6+N6+Q6+T6 -> 164511 | D6: =+C6-B6 -> -35489 | E6: =+I6+L6+O6+R6+U6 -> 145 | F6: =+J6+M6+P6+S6+V6 -> 10.516667 | H6: 32898.96 | I6: 34 | J6: 2.0451389 | K6: 36339.84 | L6: 29 | M6: 2.375 | N6: 37875.6 | O6: 35 | P6: 2.3298611 | Q6: 32254.2 | R6: 27 | S6: 2.1 | T6: 25142.4 | U6: 20 | V6: 1.6666667
A7: psychiatr 1 | B7: 0 | C7: =+H7+K7+N7+Q7+T7 -> 0 | D7: =+C7-B7 -> 0 | E7: =+I7+L7+O7+R7+U7 -> 0 | F7: =+J7+M7+P7+S7+V7 -> 0
A8: psychiatr - GÁBEL 0,2 | B8: =450000*0.2 -> 90000 | C8: =+H8+K8+N8+Q8+T8 -> 11315.16 | D8: =+C8-B8 -> -78684.84 | E8: =+I8+L8+O8+R8+U8 -> 27 | F8: =+J8+M8+P8+S8+V8 -> 0.53472222 | H8: 1172.88 | I8: 6 | J8: 0.041666667 | K8: 2966.76 | L8: 9 | M8: 0.13194444 | N8: 2984.04 | O8: 6 | P8: 0.14583333 | Q8: 1598.4 | R8: 2 | S8: 0.083333333 | T8: 2593.08 | U8: 4 | V8: 0.13194444
A9: psychiatr - PFEIFFER 0,5 | B9: =450000*0.5 -> 225000 | C9: =+H9+K9+N9+Q9+T9 -> 242778.6 | D9: =+C9-B9 -> 17778.6 | E9: =+I9+L9+O9+R9+U9 -> 167 | F9: =+J9+M9+P9+S9+V9 -> 10.1875 | K9: 65936.16 | L9: 39 | M9: 2.7777778 | N9: 75776.04 | O9: 51 | P9: 3.2291667 | Q9: 53789.4 | R9: 36 | S9: 2.2291667 | T9: 47277 | U9: 41 | V9: 1.9513889
A10: psychiatr - Dr. Suchánková 0,5 | B10: =450000/2 -> 225000 | C10: =+H10+K10+N10+Q10+T10 -> 287516.52 | D10: =+C10-B10 -> 62516.52 | E10: =+I10+L10+O10+R10+U10 -> 181 | F10: =+J10+M10+P10+S10+V10 -> 12.229167 | H10: 88408.8 | I10: 58 | J10: 3.7847222 | Q10: 112430.16 | R10: 71 | S10: 4.8055556 | T10: 86677.56 | U10: 52 | V10: 3.6388889
A11: psycholog 1 - Dr. Balko 0,2 | B11: 25000 | C11: =+H11+K11+N11+Q11+T11 -> 19370.88 | D11: =+C11-B11 -> -5629.12 | E11: =+I11+L11+O11+R11+U11 -> 8 | F11: =+J11+M11+P11+S11+V11 -> 0.66666667 | H11: 19370.88 | I11: 8 | J11: 0.66666667
A12: psycholog 2 - Lichtenbergová | B12: 0 | C12: =+H12+K12+N12+Q12+T12 -> 0 | D12: =+C12-B12 -> 0 | E12: =+I12+L12+O12+R12+U12 -> 0 | F12: =+J12+M12+P12+S12+V12 -> 0
A13: výnosy CDZ Chomutov | B13: =SUM(B14:B21) -> 400000 | C13: =SUM(C14:C21) -> 224761.04 | D13: =SUM(D14:D21) -> -175238.96 | E13: =SUM(E14:E21) -> 265 | F13: =SUM(F14:F21) -> 16.420139 | H13: =SUM(H14:H21) -> 52287.9 | I13: =SUM(I14:I21) -> 63 | J13: =SUM(J14:J21) -> 3.8194444 | K13: =SUM(K14:K21) -> 40299.56 | L13: =SUM(L14:L21) -> 37 | M13: =SUM(M14:M21) -> 2.9444444 | N13: =SUM(N14:N21) -> 37166.5 | O13: =SUM(O14:O21) -> 44 | ... V13: =SUM(V14:V21) -> 3.9444444
A14: psych. s 1 - Blažková | B14: 200000 | C14: =+H14+K14+N14+Q14+T14 -> 130747.68 | D14: =+C14-B14 -> -69252.32 | E14: =+I14+L14+O14+R14+U14 -> 173 | F14: =+J14+M14+P14+S14+V14 -> 9.5520833 | H14: 26520.76 | I14: 36 | J14: 1.9375 | N14: 37166.5 | O14: 44 | P14: 2.7152778 | Q14: 41015.94 | R14: 55 | S14: 2.9965278 | T14: 26044.48 | U14: 38 | V14: 1.9027778
A15: psych. s 2 - Pátková od 1.3 | B15: 200000 | C15: =+H15+K15+N15+Q15+T15 -> 94013.36 | D15: =+C15-B15 -> -105986.64 | E15: =+I15+L15+O15+R15+U15 -> 92 | F15: =+J15+M15+P15+S15+V15 -> 6.8680556 | H15: 25767.14 | I15: 27 | J15: 1.8819444 | K15: 40299.56 | L15: 37 | M15: 2.9444444 | T15: 27946.66 | U15: 28 | V15: 2.0416667
A16: psych. s 3 | B16: 0 | C16: =+H16+K16+N16+Q16+T16 -> 0 | D16: =+C16-B16 -> 0 | E16: =+I16+L16+O16+R16+U16 -> 0 | F16: =+J16+M16+P16+S16+V16 -> 0
A17: psych. s 4 | B17: 0 | C17: =+H17+K17+N17+Q17+T17 -> 0 | D17: =+C17-B17 -> 0 | E17: =+I17+L17+O17+R17+U17 -> 0 | F17: =+J17+M17+P17+S17+V17 -> 0
A18: psychiatr 1 - 0,5 od 1.4 | B18: 0 | C18: =+H18+K18+N18+Q18+T18 -> 0 | D18: =+C18-B18 -> 0 | E18: =+I18+L18+O18+R18+U18 -> 0 | F18: =+J18+M18+P18+S18+V18 -> 0
A19: psychiatr 2 | B19: 0 | C19: =+H19+K19+N19+Q19+T19 -> 0 | D19: =+C19-B19 -> 0 | E19: =+I19+L19+O19+R19+U19 -> 0 | F19: =+J19+M19+P19+S19+V19 -> 0
A20: psycholog 1 - 0,5 | B20: 0 | C20: =+H20+K20+N20+Q20+T20 -> 0 | D20: =+C20-B20 -> 0 | E20: =+I20+L20+O20+R20+U20 -> 0 | F20: =+J20+M20+P20+S20+V20 -> 0
A21: psycholog 2 | B21: 0 | C21: =+H21+K21+N21+Q21+T21 -> 0 | D21: =+C21-B21 -> 0 | E21: =+I21+L21+O21+R21+U21 -> 0 | F21: =+J21+M21+P21+S21+V21 -> 0
A22: výnosy CDZ Žatec | B22: =SUM(B23:B30) -> 600000 | C22: =SUM(C23:C30) -> 344386.7 | D22: =SUM(D23:D30) -> -255613.3 | E22: =SUM(E23:E30) -> 373 | F22: =SUM(F23:F30) -> 23.909722 | H22: =SUM(H23:H30) -> 57796.48 | I22: =SUM(I23:I30) -> 57 | J22: =SUM(J23:J30) -> 2.9722222 | K22: =SUM(K23:K30) -> 56651.84 | L22: =SUM(L23:L30) -> 67 | M22: =SUM(M23:M30) -> 4.1388889 | N22: =SUM(N23:N30) -> 93342.06 | O22: =SUM(O23:O30) -> 112 | ... V22: =SUM(V23:V30) -> 4.4861111
A23: psych. s 1 - ZELENKOVÁ | B23: =200000 -> 200000 | C23: =+H23+K23+N23+Q23+T23 -> 112259.98 | D23: =+C23-B23 -> -87740.02 | E23: =+I23+L23+O23+R23+U23 -> 118 | F23: =+J23+M23+P23+S23+V23 -> 8.2013889 | N23: 37734.9 | O23: 42 | P23: 2.7569444 | Q23: 42015.54 | R23: 44 | S23: 3.0694444 | T23: 32509.54 | U23: 32 | V23: 2.375
A24: psych. s 2 - Vondráčková | B24: =200000 -> 200000 | C24: =+H24+K24+N24+Q24+T24 -> 147903.56 | D24: =+C24-B24 -> -52096.44 | E24: =+I24+L24+O24+R24+U24 -> 152 | F24: =+J24+M24+P24+S24+V24 -> 9.5555556 | H24: 31940.16 | I24: 29 | J24: 1.0833333 | K24: 23190.72 | L24: 27 | M24: 1.6944444 | N24: 30701.44 | O24: 35 | P24: 2.2430556 | Q24: 33174.96 | R24: 35 | S24: 2.4236111 | T24: 28896.28 | U24: 26 | V24: 2.1111111
A25: psych. s 3 - Nováková | B25: =200000 -> 200000 | C25: =+H25+K25+N25+Q25+T25 -> 84223.16 | D25: =+C25-B25 -> -115776.84 | E25: =+I25+L25+O25+R25+U25 -> 103 | F25: =+J25+M25+P25+S25+V25 -> 6.1527778 | H25: 25856.32 | I25: 28 | J25: 1.8888889 | K25: 33461.12 | L25: 40 | M25: 2.4444444 | N25: 24905.72 | O25: 35 | P25: 1.8194444
A26: všeob. s 4 - Dušková | B26: 0 | C26: =+H26+K26+N26+Q26+T26 -> 0 | D26: =+C26-B26 -> 0 | E26: =+I26+L26+O26+R26+U26 -> 0 | F26: =+J26+M26+P26+S26+V26 -> 0
A27: psychiatr 1 | B27: 0 | C27: =+H27+K27+N27+Q27+T27 -> 0 | D27: =+C27-B27 -> 0 | E27: =+I27+L27+O27+R27+U27 -> 0 | F27: =+J27+M27+P27+S27+V27 -> 0
A28: psychiatr 2 | B28: 0 | C28: =+H28+K28+N28+Q28+T28 -> 0 | D28: =+C28-B28 -> 0 | E28: =+I28+L28+O28+R28+U28 -> 0 | F28: =+J28+M28+P28+S28+V28 -> 0
A29: psycholog 1 | B29: 0 | C29: =+H29+K29+N29+Q29+T29 -> 0 | D29: =+C29-B29 -> 0 | E29: =+I29+L29+O29+R29+U29 -> 0 | F29: =+J29+M29+P29+S29+V29 -> 0
A30: psycholog 2 | B30: 0 | C30: =+H30+K30+N30+Q30+T30 -> 0 | D30: =+C30-B30 -> 0 | E30: =+I30+L30+O30+R30+U30 -> 0 | F30: =+J30+M30+P30+S30+V30 -> 0
A31: výnosy CDZ Litoměřice | B31: =SUM(B32:B39) -> 170000 | C31: =SUM(C32:C39) -> 96626.04 | D31: =SUM(D32:D39) -> -73373.96 | E31: =SUM(E32:E39) -> 124 | F31: =SUM(F32:F39) -> 7.0590278 | H31: =SUM(H32:H39) -> 21150.36 | I31: =SUM(I32:I39) -> 28 | J31: =SUM(J32:J39) -> 1.5451389 | K31: =SUM(K32:K39) -> 29420.58 | L31: =SUM(L32:L39) -> 37 | M31: =SUM(M32:M39) -> 2.1493056 | N31: =SUM(N32:N39) -> 4182.64 | O31: =SUM(O32:O39) -> 6 | ... V31: =SUM(V32:V39) -> 1.5763889
A32: psych. s 1 - Štréblová 0,2 od 1.3 od 5 celý | B32: =200000*0.85 -> 170000 | C32: =+H32+K32+N32+Q32+T32 -> 96626.04 | D32: =+C32-B32 -> -73373.96 | E32: =+I32+L32+O32+R32+U32 -> 124 | F32: =+J32+M32+P32+S32+V32 -> 7.0590278 | H32: 21150.36 | I32: 28 | J32: 1.5451389 | K32: 29420.58 | L32: 37 | M32: 2.1493056 | N32: 4182.64 | O32: 6 | P32: 0.30555556 | Q32: 20294.82 | R32: 26 | S32: 1.4826389 | T32: 21577.64 | U32: 27 | V32: 1.5763889
A33: psych. s 2 | B33: 0 | C33: =+H33+K33+N33+Q33+T33 -> 0 | D33: =+C33-B33 -> 0 | E33: =+I33+L33+O33+R33+U33 -> 0 | F33: =+J33+M33+P33+S33+V33 -> 0
A34: psych. s 3 | B34: 0 | C34: =+H34+K34+N34+Q34+T34 -> 0 | D34: =+C34-B34 -> 0 | E34: =+I34+L34+O34+R34+U34 -> 0 | F34: =+J34+M34+P34+S34+V34 -> 0
A35: psych. s 4 | B35: 0 | C35: =+H35+K35+N35+Q35+T35 -> 0 | D35: =+C35-B35 -> 0 | E35: =+I35+L35+O35+R35+U35 -> 0 | F35: =+J35+M35+P35+S35+V35 -> 0
A36: psychiatr 1 - 0,5 | B36: 0 | C36: =+H36+K36+N36+Q36+T36 -> 0 | D36: =+C36-B36 -> 0 | E36: =+I36+L36+O36+R36+U36 -> 0 | F36: =+J36+M36+P36+S36+V36 -> 0
A37: psychiatr 2 | B37: 0 | C37: =+H37+K37+N37+Q37+T37 -> 0 | D37: =+C37-B37 -> 0 | E37: =+I37+L37+O37+R37+U37 -> 0 | F37: =+J37+M37+P37+S37+V37 -> 0
A38: psycholog 1 - 0,5 | B38: 0 | C38: =+H38+K38+N38+Q38+T38 -> 0 | D38: =+C38-B38 -> 0 | E38: =+I38+L38+O38+R38+U38 -> 0 | F38: =+J38+M38+P38+S38+V38 -> 0
A39: psycholog 2 | B39: 0 | C39: =+H39+K39+N39+Q39+T39 -> 0 | D39: =+C39-B39 -> 0 | E39: =+I39+L39+O39+R39+U39 -> 0 | F39: =+J39+M39+P39+S39+V39 -> 0
A40: výnosy TDZ Děčín | B40: =SUM(B41:B42) -> 0 | C40: =SUM(C41:C42) -> 0 | D40: =SUM(D41:D42) -> 0 | E40: =SUM(E41:E42) -> 0 | F40: =SUM(F41:F42) -> 0 | H40: =SUM(H41:H42) -> 0 | I40: =SUM(I41:I42) -> 0 | J40: =SUM(J41:J42) -> 0 | K40: =SUM(K41:K42) -> 0 | L40: =SUM(L41:L42) -> 0 | M40: =SUM(M41:M42) -> 0 | N40: =SUM(N41:N42) -> 0 | O40: =SUM(O41:O42) -> 0 | ... V40: =SUM(V41:V42) -> 0
A41: psych. s 1 - Jirásková | B41: 0 | C41: =+H41+K41+N41+Q41+T41 -> 0 | D41: =+C41-B41 -> 0 | E41: =+I41+L41+O41+R41+U41 -> 0 | F41: =+J41+M41+P41+S41+V41 -> 0
A42: psych. s 2 | B42: 0 | C42: =+H42+K42+N42+Q42+T42 -> 0 | D42: =+C42-B42 -> 0 | E42: =+I42+L42+O42+R42+U42 -> 0 | F42: =+J42+M42+P42+S42+V42 -> 0
A43: výnosy TDZ Most | B43: =SUM(B44:B45) -> 85000 | C43: =SUM(C44:C45) -> 73813.6 | D43: =SUM(D44:D45) -> -11186.4 | E43: =SUM(E44:E45) -> 96 | F43: =SUM(F44:F45) -> 5.3923611 | H43: =SUM(H44:H45) -> 13403.46 | I43: =SUM(I44:I45) -> 15 | J43: =SUM(J44:J45) -> 0.97916667 | K43: =SUM(K44:K45) -> 17871.28 | L43: =SUM(L44:L45) -> 30 | M43: =SUM(M44:M45) -> 1.3055556 | N43: =SUM(N44:N45) -> 15875.02 | O43: =SUM(O44:O45) -> 16 | ... V43: =SUM(V44:V45) -> 0.96875
A44: psych. s 1 Prajzová 0,5 | B44: =200000/2*0.85 -> 85000 | C44: =+H44+K44+N44+Q44+T44 -> 73813.6 | D44: =+C44-B44 -> -11186.4 | E44: =+I44+L44+O44+R44+U44 -> 96 | F44: =+J44+M44+P44+S44+V44 -> 5.3923611 | H44: 13403.46 | I44: 15 | J44: 0.97916667 | K44: 17871.28 | L44: 30 | M44: 1.3055556 | N44: 15875.02 | O44: 16 | P44: 1.1597222 | Q44: 13403.46 | R44: 17 | S44: 0.97916667 | T44: 13260.38 | U44: 18 | V44: 0.96875
A45: psych. s 2 | B45: 0 | C45: =+H45+K45+N45+Q45+T45 -> 0 | D45: =+C45-B45 -> 0 | E45: =+I45+L45+O45+R45+U45 -> 0 | F45: =+J45+M45+P45+S45+V45 -> 0
A46: výnosy TDZ Teplice | B46: =SUM(B47:B48) -> 0 | C46: =SUM(C47:C48) -> 0 | D46: =SUM(D47:D48) -> 0 | E46: =SUM(E47:E48) -> 0 | F46: =SUM(F47:F48) -> 0 | H46: =SUM(H47:H48) -> 0 | I46: =SUM(I47:I48) -> 0 | J46: =SUM(J47:J48) -> 0 | K46: =SUM(K47:K48) -> 0 | L46: =SUM(L47:L48) -> 0 | M46: =SUM(M47:M48) -> 0 | N46: =SUM(N47:N48) -> 0 | O46: =SUM(O47:O48) -> 0 | ... V46: =SUM(V47:V48) -> 0
A47: psych. s 1 | B47: 0 | C47: =+H47+K47+N47+Q47+T47 -> 0 | D47: =+C47-B47 -> 0 | E47: =+I47+L47+O47+R47+U47 -> 0 | F47: =+J47+M47+P47+S47+V47 -> 0
A48: psych. s 2 | B48: 0 | C48: =+H48+K48+N48+Q48+T48 -> 0 | D48: =+C48-B48 -> 0 | E48: =+I48+L48+O48+R48+U48 -> 0 | F48: =+J48+M48+P48+S48+V48 -> 0
A49: výnosy TDZ pro děti | B49: =SUM(B50:B51) -> 0 | C49: =SUM(C50:C51) -> 0 | D49: =SUM(D50:D51) -> 0 | E49: =SUM(E50:E51) -> 0 | F49: =SUM(F50:F51) -> 0 | H49: =SUM(H50:H51) -> 0 | I49: =SUM(I50:I51) -> 0 | J49: =SUM(J50:J51) -> 0 | K49: =SUM(K50:K51) -> 0 | L49: =SUM(L50:L51) -> 0 | M49: =SUM(M50:M51) -> 0 | N49: =SUM(N50:N51) -> 0 | O49: =SUM(O50:O51) -> 0 | ... V49: =SUM(V50:V51) -> 0
A50: psych. s 1 - Skokanová | B50: 0 | C50: =+H50+K50+N50+Q50+T50 -> 0 | D50: =+C50-B50 -> 0 | E50: =+I50+L50+O50+R50+U50 -> 0 | F50: =+J50+M50+P50+S50+V50 -> 0
A51: psych. s 2 | B51: 0 | C51: =+H51+K51+N51+Q51+T51 -> 0 | D51: =+C51-B51 -> 0 | E51: =+I51+L51+O51+R51+U51 -> 0 | F51: =+J51+M51+P51+S51+V51 -> 0
A52: VÝNOSY CELKEM | B52: =+B49+B40+B31+B22+B13+B3+B46+B43 -> 2420000 | C52: =+C49+C40+C31+C22+C13+C3+C46+C43 -> 1778606.8 | D52: =+D49+D40+D31+D22+D13+D3+D46+D43 -> -641393.21 | E52: =+E49+E40+E31+E22+E13+E3+E46+E43 -> 1705 | F52: =+F49+F40+F31+F22+F13+F3+F46+F43 -> 106.20764 | H52: =+H49+H40+H31+H22+H13+H3+H46+H43 -> 337851.28 | I52: =+I49+I40+I31+I22+I13+I3+I46+I43 -> 319 | J52: =+J49+J40+J31+J22+J13+J3+J46+J43 -> 19.100694 | K52: =+K49+K40+K31+K22+K13+K3+K46+K43 -> 301705.11 | L52: =+L49+L40+L31+L22+L13+L3+L46+L43 -> 302 | M52: =+M49+M40+M31+M22+M13+M3+M46+M43 -> 18.934028 | N52: =+N49+N40+N31+N22+N13+N3+N46+N43 -> 302587.02 | O52: =+O49+O40+O31+O22+O13+O3+O46+O43 -> 303 | ... V52: =+V49+V40+V31+V22+V13+V3+V46+V43 -> 23.246528
A54: NÁKLADY | B54: plán měsíce | C54: skutečnost měsíce | D54: rozdíl
A55: Mzdy a odvody pracovníků | B55: =+B56+B66+B75+B84+B93+B102+B96+B99 -> 1268980 | C55: =+C56+C66+C75+C84+C93+C102+C96+C99 -> 1167877 | D55: =+C55-B55 -> -101103
A56: 1. CDZ Ústí | B56: =SUM(B57:B65)*1.34 -> 633820 | C56: =SUM(C57:C65)*1.34 -> 637237 | D56: =+C56-B56 -> 3417
A57: =+A4 -> psych. s. 1 - NÁGLOVÁ | B57: 60000 | C57: =+B57 -> 60000 | D57: =+C57-B57 -> 0
A58: =+A5 -> psych. s. 2 - HAJASOVÁ | B58: 47000 | C58: 49550 | D58: =+C58-B58 -> 2550
A59: =+A6 -> psych. s. 3 - KAŠPÁRKOVÁ/Pekárová | B59: 65000 | C59: 65000 | D59: =+C59-B59 -> 0
A60: =+A7 -> psychiatr 1 | B60: 0 | C60: 0 | D60: =+C60-B60 -> 0
A61: =+A8 -> psychiatr - GÁBEL 0,2 | B61: 16000 | C61: =+B61 -> 16000 | D61: =+C61-B61 -> 0
A62: =+A9 -> psychiatr - PFEIFFER 0,5 | B62: 85000 | C62: =+B62 -> 85000 | D62: =+C62-B62 -> 0
A63: =+A10 -> psychiatr - Dr. Suchánková 0,5 | B63: 160000 | C63: =+B63 -> 160000 | D63: =+C63-B63 -> 0
A64: =+A11 -> psycholog 1 - Dr. Balko 0,2 | B64: 25000 | C64: =+B64 -> 25000 | D64: =+C64-B64 -> 0
A65: =+A12 -> psycholog 2 - Lichtenbergová | B65: 15000 | C65: =+B65 -> 15000 | D65: =+C65-B65 -> 0
A66: 2. CDZ Chomutov | B66: =SUM(B67:B74)*1.34 -> 154100 | C66: =SUM(C67:C74)*1.34 -> 154100 | D66: =+C66-B66 -> 0
A67: psych. s 1 - Blažková | B67: 55000 | C67: =+B67 -> 55000 | D67: =+C67-B67 -> 0
A68: psych. s 2 - Pátková | B68: 60000 | C68: =+B68 -> 60000 | D68: =+C68-B68 -> 0
A69: psych. s 3 | B69: 0 | C69: 0 | D69: =+C69-B69 -> 0
A70: psych. s 4 | B70: 0 | C70: 0 | D70: =+C70-B70 -> 0
A71: psychiatr 1 - 0,5 od 1.4 | B71: 0 | C71: 0 | D71: =+C71-B71 -> 0
A72: psychiatr 2 | B72: 0 | C72: 0 | D72: =+C72-B72 -> 0
A73: psycholog 1 - 0,5 | B73: 0 | C73: 0 | D73: =+C73-B73 -> 0
A74: psycholog 2 | B74: 0 | C74: 0 | D74: =+C74-B74 -> 0
A75: 3. CDZ Žatec | B75: =SUM(B76:B83)*1.34 -> 238520 | C75: =SUM(C76:C83)*1.34 -> 247230 | D75: =+C75-B75 -> 8710
A76: psych. s 1 - ZELENKOVÁ | B76: 65000 | C76: 66500 | D76: =+C76-B76 -> 1500
A77: psych. s 2 - Vondráčková | B77: 58000 | C77: 61000 | D77: =+C77-B77 -> 3000
A78: psych. s 3 - Nováková | B78: 55000 | C78: 57000 | D78: =+C78-B78 -> 2000
A79: všeob. s 4 - Dušková | B79: 0 | C79: 0 | D79: =+C79-B79 -> 0
A80: psychiatr 1 - 0,5 od 1.4 | B80: 0 | C80: 0 | D80: =+C80-B80 -> 0
A81: psychiatr 2 | B81: 0 | C81: 0 | D81: =+C81-B81 -> 0
A82: psycholog 1 - 0,5 | B82: 0 | C82: 0 | D82: =+C82-B82 -> 0
A83: psycholog 2 | B83: 0 | C83: 0 | D83: =+C83-B83 -> 0
A84: 4. CDZ Litoměřice | B84: =SUM(B85:B92)*1.34 -> 93800 | C84: =SUM(C85:C92)*1.34 -> 95810 | D84: =+C84-B84 -> 2010
A85: psych. s 1 - Štréblová | B85: 70000 | C85: 71500 | D85: =+C85-B85 -> 1500
A86: psych. s 2 | B86: 0 | C86: 0 | D86: =+C86-B86 -> 0
A87: psych. s 3 | B87: 0 | C87: 0 | D87: =+C87-B87 -> 0
A88: psych. s 4 | B88: 0 | C88: 0 | D88: =+C88-B88 -> 0
A89: psychiatr 1 - 0,5 | B89: 0 | C89: 0 | D89: =+C89-B89 -> 0
A90: psychiatr 2 | B90: 0 | C90: 0 | D90: =+C90-B90 -> 0
A91: psycholog 1 - 0,5 | B91: 0 | C91: 0 | D91: =+C91-B91 -> 0
A92: psycholog 2 | B92: 0 | C92: 0 | D92: =+C92-B92 -> 0
A93: 5. TDZ Děčín | B93: =SUM(B94:B95)*1.34 -> 96480 | C93: =SUM(C94:C95)*1.34 -> 0 | D93: =+C93-B93 -> -96480
A94: psych. s 1 - Jirásková | B94: 72000 | C94: 0 | D94: =+C94-B94 -> -72000
A95: psych. s 2 | B95: 0 | C95: 0 | D95: =+C95-B95 -> 0
A96: 6. TDZ Most | B96: =SUM(B97:B98)*1.34 -> 33500 | C96: =SUM(C97:C98)*1.34 -> 33500 | D96: =+C96-B96 -> 0
A97: psych. s 1 Prajzová 0,5 | B97: 25000 | C97: 25000 | D97: =+C97-B97 -> 0
A98: psych. s 2 | B98: 0 | C98: 0 | D98: =+C98-B98 -> 0
A99: 7. TDZ Teplice | B99: =SUM(B100:B101)*1.34 -> 0 | C99: =SUM(C100:C101)*1.34 -> 0 | D99: =+C99-B99 -> 0
A100: psych. s 1 | B100: 0 | C100: 0 | D100: =+C100-B100 -> 0
A101: psych. s 2 | B101: 0 | C101: 0 | D101: =+C101-B101 -> 0
...

Sheet srpen 2025
A1: VÝNOSY | H1: týden 1 (zpravidla dělený s předchozím měsícem) | K1: týden 2 | N1: týden 3 | Q1: týden 4 | T1: týden 5 (zpravidla dělený s následujícím měsícem)
A2: Středisko/pracovník | B2: plán měsíce | C2: skutečnost měsíce | D2: rozdíl | E2: počet intervencí | F2: odpracováno hod. | H2: výkony /týden | I2: počet intervencí | J2: odpracováno hod. | K2: výkony /týden | L2: počet intervencí | M2: odpracováno hod. | N2: výkony /týden | O2: počet intervencí | P2: odpracováno hod. | Q2: výkony /týden | R2: počet intervencí | S2: odpracováno hod. | T2: výkony /týden | U2: počet intervencí | V2: odpracováno hod.
A3: výnosy CDZ Ústí | B3: =SUM(B4:B12) -> 1390000 | C3: =SUM(C4:C12) -> 981110.88 | D3: =SUM(D4:D12) -> -408889.12 | E3: =SUM(E4:E12) -> 722 | F3: =SUM(F4:F12) -> 48.884444 | H3: =SUM(H4:H12) -> 44329.68 | I3: =SUM(I4:I12) -> 31 | J3: =SUM(J4:J12) -> 2.3888889 | K3: =SUM(K4:K12) -> 224690.76 | L3: =SUM(L4:L12) -> 178 | M3: =SUM(M4:M12) -> 10.583333 | N3: =SUM(N4:N12) -> 281510.64 | O3: =SUM(O4:O12) -> 218 | ... V3: =SUM(V4:V12) -> 11.640278
A4: psych. s. 1 - NÁGLOVÁ | B4: 200000 | C4: =+H4+K4+N4+Q4+T4 -> 117443.52 | D4: =+C4-B4 -> -82556.48 | E4: =+I4+L4+O4+R4+U4 -> 133 | F4: =+J4+M4+P4+S4+V4 -> 7.1527778 | H4: 10871.28 | I4: 11 | J4: 0.65277778 | K4: 59994 | L4: 73 | M4: 3.6041667 | N4: 46578.24 | O4: 49 | P4: 2.8958333
A5: psych. s. 2 - HAJASOVÁ | B5: 200000 | C5: =+H5+K5+N5+Q5+T5 -> 57810.24 | D5: =+C5-B5 -> -142189.76 | E5: =+I5+L5+O5+R5+U5 -> 50 | F5: =+J5+M5+P5+S5+V5 -> 3.5833333 | H5: 6285.6 | I5: 5 | J5: 0.41666667 | T5: 51524.64 | U5: 45 | V5: 3.1666667
A6: psych. s. 3 - KAŠPÁRKOVÁ/Pekárová | B6: 200000 | C6: =+H6+K6+N6+Q6+T6 -> 196120.44 | D6: =+C6-B6 -> -3879.56 | E6: =+I6+L6+O6+R6+U6 -> 187 | F6: =+J6+M6+P6+S6+V6 -> 12.606667 | H6: 6285.6 | I6: 5 | J6: 0.41666667 | N6: 70836.12 | O6: 71 | P6: 4.55 | Q6: 72826.56 | R6: 64 | S6: 4.59 | T6: 46172.16 | U6: 47 | V6: 3.05
A7: psychiatr 1 | B7: 0 | C7: =+H7+K7+N7+Q7+T7 -> 0 | D7: =+C7-B7 -> 0 | E7: =+I7+L7+O7+R7+U7 -> 0 | F7: =+J7+M7+P7+S7+V7 -> 0
A8: psychiatr - GÁBEL 0,2 | B8: =450000*0.2 -> 90000 | C8: =+H8+K8+N8+Q8+T8 -> 8969.4 | D8: =+C8-B8 -> -81030.6 | E8: =+I8+L8+O8+R8+U8 -> 15 | F8: =+J8+M8+P8+S8+V8 -> 0.45138889 | K8: 2593.08 | L8: 4 | M8: 0.13194444 | N8: 2397.6 | O8: 3 | P8: 0.125 | Q8: 2397.6 | R8: 3 | S8: 0.125 | T8: 1581.12 | U8: 5 | V8: 0.069444444
A9: psychiatr - PFEIFFER 0,5 | B9: =450000*0.5 -> 225000 | C9: =+H9+K9+N9+Q9+T9 -> 115080.48 | D9: =+C9-B9 -> -109919.52 | E9: =+I9+L9+O9+R9+U9 -> 75 | F9: =+J9+M9+P9+S9+V9 -> 4.8680556 | K9: 54717.12 | L9: 37 | M9: 2.3125 | N9: 60363.36 | O9: 38 | P9: 2.5555556
A10: psychiatr - Dr. Suchánková 1,0 | B10: =450000 -> 450000 | C10: =+H10+K10+N10+Q10+T10 -> 467526.6 | D10: =+C10-B10 -> 17526.6 | E10: =+I10+L10+O10+R10+U10 -> 254 | F10: =+J10+M10+P10+S10+V10 -> 19.597222 | H10: 20887.2 | I10: 10 | J10: 0.90277778 | K10: 107386.56 | L10: 64 | M10: 4.5347222 | N10: 101335.32 | O10: 57 | P10: 4.3125 | Q10: 120005.28 | R10: 59 | S10: 4.7847222 | T10: 117912.24 | U10: 64 | V10: 5.0625
A11: psycholog 1 - Dr. Balko 0,2 | B11: 25000 | C11: =+H11+K11+N11+Q11+T11 -> 18160.2 | D11: =+C11-B11 -> -6839.8 | E11: =+I11+L11+O11+R11+U11 -> 8 | F11: =+J11+M11+P11+S11+V11 -> 0.625 | Q11: 9685.44 | R11: 4 | S11: 0.33333333 | T11: 8474.76 | U11: 4 | V11: 0.29166667
A12: psycholog 2 - Lichtenbergová | B12: 0 | C12: =+H12+K12+N12+Q12+T12 -> 0 | D12: =+C12-B12 -> 0 | E12: =+I12+L12+O12+R12+U12 -> 0 | F12: =+J12+M12+P12+S12+V12 -> 0
A13: výnosy CDZ Chomutov | B13: =SUM(B14:B21) -> 400000 | C13: =SUM(C14:C21) -> 234926.58 | D13: =SUM(D14:D21) -> -165073.42 | E13: =SUM(E14:E21) -> 262 | F13: =SUM(F14:F21) -> 17.163194 | H13: =SUM(H14:H21) -> 6749.26 | I13: =SUM(I14:I21) -> 6 | J13: =SUM(J14:J21) -> 0.49305556 | K13: =SUM(K14:K21) -> 38023.02 | L13: =SUM(L14:L21) -> 33 | M13: =SUM(M14:M21) -> 2.7777778 | N13: =SUM(N14:N21) -> 32223.38 | O13: =SUM(O14:O21) -> 34 | ... V13: =SUM(V14:V21) -> 5.8715278
A14: psych. s 1 - Blažková | B14: 200000 | C14: =+H14+K14+N14+Q14+T14 -> 79703.4 | D14: =+C14-B14 -> -120296.6 | E14: =+I14+L14+O14+R14+U14 -> 99 | F14: =+J14+M14+P14+S14+V14 -> 5.8229167 | Q14: 38308.2 | R14: 51 | S14: 2.7986111 | T14: 41395.2 | U14: 48 | V14: 3.0243056
A15: psych. s 2 - Pátková od 1.3 | B15: 200000 | C15: =+H15+K15+N15+Q15+T15 -> 155223.18 | D15: =+C15-B15 -> -44776.82 | E15: =+I15+L15+O15+R15+U15 -> 163 | F15: =+J15+M15+P15+S15+V15 -> 11.340278 | H15: 6749.26 | I15: 6 | J15: 0.49305556 | K15: 38023.02 | L15: 33 | M15: 2.7777778 | N15: 32223.38 | O15: 34 | P15: 2.3541667 | Q15: 39256.84 | R15: 37 | S15: 2.8680556 | T15: 38970.68 | U15: 53 | V15: 2.8472222
A16: psych. s 3 | B16: 0 | C16: =+H16+K16+N16+Q16+T16 -> 0 | D16: =+C16-B16 -> 0 | E16: =+I16+L16+O16+R16+U16 -> 0 | F16: =+J16+M16+P16+S16+V16 -> 0
A17: psych. s 4 | B17: 0 | C17: =+H17+K17+N17+Q17+T17 -> 0 | D17: =+C17-B17 -> 0 | E17: =+I17+L17+O17+R17+U17 -> 0 | F17: =+J17+M17+P17+S17+V17 -> 0
A18: psychiatr 1 - 0,5 od 1.4 | B18: 0 | C18: =+H18+K18+N18+Q18+T18 -> 0 | D18: =+C18-B18 -> 0 | E18: =+I18+L18+O18+R18+U18 -> 0 | F18: =+J18+M18+P18+S18+V18 -> 0
A19: psychiatr 2 | B19: 0 | C19: =+H19+K19+N19+Q19+T19 -> 0 | D19: =+C19-B19 -> 0 | E19: =+I19+L19+O19+R19+U19 -> 0 | F19: =+J19+M19+P19+S19+V19 -> 0
A20: psycholog 1 - 0,5 | B20: 0 | C20: =+H20+K20+N20+Q20+T20 -> 0 | D20: =+C20-B20 -> 0 | E20: =+I20+L20+O20+R20+U20 -> 0 | F20: =+J20+M20+P20+S20+V20 -> 0
A21: psycholog 2 | B21: 0 | C21: =+H21+K21+N21+Q21+T21 -> 0 | D21: =+C21-B21 -> 0 | E21: =+I21+L21+O21+R21+U21 -> 0 | F21: =+J21+M21+P21+S21+V21 -> 0
A22: výnosy CDZ Žatec | B22: =SUM(B23:B30) -> 600000 | C22: =SUM(C23:C30) -> 369955.88 | D22: =SUM(D23:D30) -> -230044.12 | E22: =SUM(E23:E30) -> 414 | F22: =SUM(F23:F30) -> 27.0325 | H22: =SUM(H23:H30) -> 18725.84 | I22: =SUM(I23:I30) -> 23 | J22: =SUM(J23:J30) -> 1.3680556 | K22: =SUM(K23:K30) -> 73953.74 | L22: =SUM(L23:L30) -> 79 | M22: =SUM(M23:M30) -> 5.4027778 | N22: =SUM(N23:N30) -> 99617 | O22: =SUM(O23:O30) -> 115 | ... V22: =SUM(V23:V30) -> 6.6875
A23: psych. s 1 - ZELENKOVÁ | B23: =200000 -> 200000 | C23: =+H23+K23+N23+Q23+T23 -> 124516.84 | D23: =+C23-B23 -> -75483.16 | E23: =+I23+L23+O23+R23+U23 -> 144 | F23: =+J23+M23+P23+S23+V23 -> 9.1019444 | H23: 7223.58 | I23: 11 | J23: 0.52777778 | N23: 39254.88 | O23: 46 | P23: 2.8680556 | Q23: 40586.7 | R23: 44 | S23: 2.97 | T23: 37451.68 | U23: 43 | V23: 2.7361111
A24: psych. s 2 - Vondráčková | B24: =200000 -> 200000 | C24: =+H24+K24+N24+Q24+T24 -> 120911.42 | D24: =+C24-B24 -> -79088.58 | E24: =+I24+L24+O24+R24+U24 -> 129 | F24: =+J24+M24+P24+S24+V24 -> 8.8333333 | H24: 5513.48 | I24: 5 | J24: 0.40277778 | K24: 39543 | L24: 44 | M24: 2.8888889 | N24: 33365.08 | O24: 35 | P24: 2.4375 | Q24: 17680.18 | R24: 18 | S24: 1.2916667 | T24: 24809.68 | U24: 27 | V24: 1.8125
A25: psych. s 3 - Nováková | B25: =200000 -> 200000 | C25: =+H25+K25+N25+Q25+T25 -> 124527.62 | D25: =+C25-B25 -> -75472.38 | E25: =+I25+L25+O25+R25+U25 -> 141 | F25: =+J25+M25+P25+S25+V25 -> 9.0972222 | H25: 5988.78 | I25: 7 | J25: 0.4375 | K25: 34410.74 | L25: 35 | M25: 2.5138889 | N25: 26997.04 | O25: 34 | P25: 1.9722222 | Q25: 27852.58 | R25: 31 | S25: 2.0347222 | T25: 29278.48 | U25: 34 | V25: 2.1388889
A26: všeob. s 4 - Dušková | B26: 0 | C26: =+H26+K26+N26+Q26+T26 -> 0 | D26: =+C26-B26 -> 0 | E26: =+I26+L26+O26+R26+U26 -> 0 | F26: =+J26+M26+P26+S26+V26 -> 0
A27: psychiatr 1 | B27: 0 | C27: =+H27+K27+N27+Q27+T27 -> 0 | D27: =+C27-B27 -> 0 | E27: =+I27+L27+O27+R27+U27 -> 0 | F27: =+J27+M27+P27+S27+V27 -> 0
A28: psychiatr 2 | B28: 0 | C28: =+H28+K28+N28+Q28+T28 -> 0 | D28: =+C28-B28 -> 0 | E28: =+I28+L28+O28+R28+U28 -> 0 | F28: =+J28+M28+P28+S28+V28 -> 0
A29: psycholog 1 | B29: 0 | C29: =+H29+K29+N29+Q29+T29 -> 0 | D29: =+C29-B29 -> 0 | E29: =+I29+L29+O29+R29+U29 -> 0 | F29: =+J29+M29+P29+S29+V29 -> 0
A30: psycholog 2 | B30: 0 | C30: =+H30+K30+N30+Q30+T30 -> 0 | D30: =+C30-B30 -> 0 | E30: =+I30+L30+O30+R30+U30 -> 0 | F30: =+J30+M30+P30+S30+V30 -> 0
A31: výnosy CDZ Litoměřice | B31: =SUM(B32:B39) -> 170000 | C31: =SUM(C32:C39) -> 79517.2 | D31: =SUM(D32:D39) -> -90482.8 | E31: =SUM(E32:E39) -> 100 | F31: =SUM(F32:F39) -> 5.8090278 | H31: =SUM(H32:H39) -> 5133.24 | I31: =SUM(I32:I39) -> 8 | J31: =SUM(J32:J39) -> 0.375 | K31: =SUM(K32:K39) -> 22148.98 | L31: =SUM(L32:L39) -> 26 | M31: =SUM(M32:M39) -> 1.6180556 | N31: =SUM(N32:N39) -> 25951.38 | O31: =SUM(O32:O39) -> 33 | ... V31: =SUM(V32:V39) -> 1.9201389
A32: psych. s 1 - Štréblová 0,2 od 1.3 od 5 celý | B32: =200000*0.85 -> 170000 | C32: =+H32+K32+N32+Q32+T32 -> 79517.2 | D32: =+C32-B32 -> -90482.8 | E32: =+I32+L32+O32+R32+U32 -> 100 | F32: =+J32+M32+P32+S32+V32 -> 5.8090278 | H32: 5133.24 | I32: 8 | J32: 0.375 | K32: 22148.98 | L32: 26 | M32: 1.6180556 | N32: 25951.38 | O32: 33 | P32: 1.8958333 | T32: 26283.6 | U32: 33 | V32: 1.9201389
A33: psych. s 2 | B33: 0 | C33: =+H33+K33+N33+Q33+T33 -> 0 | D33: =+C33-B33 -> 0 | E33: =+I33+L33+O33+R33+U33 -> 0 | F33: =+J33+M33+P33+S33+V33 -> 0
A34: psych. s 3 | B34: 0 | C34: =+H34+K34+N34+Q34+T34 -> 0 | D34: =+C34-B34 -> 0 | E34: =+I34+L34+O34+R34+U34 -> 0 | F34: =+J34+M34+P34+S34+V34 -> 0
A35: psych. s 4 | B35: 0 | C35: =+H35+K35+N35+Q35+T35 -> 0 | D35: =+C35-B35 -> 0 | E35: =+I35+L35+O35+R35+U35 -> 0 | F35: =+J35+M35+P35+S35+V35 -> 0
A36: psychiatr 1 - 0,5 | B36: 0 | C36: =+H36+K36+N36+Q36+T36 -> 0 | D36: =+C36-B36 -> 0 | E36: =+I36+L36+O36+R36+U36 -> 0 | F36: =+J36+M36+P36+S36+V36 -> 0
A37: psychiatr 2 | B37: 0 | C37: =+H37+K37+N37+Q37+T37 -> 0 | D37: =+C37-B37 -> 0 | E37: =+I37+L37+O37+R37+U37 -> 0 | F37: =+J37+M37+P37+S37+V37 -> 0
A38: psycholog 1 - 0,5 | B38: 0 | C38: =+H38+K38+N38+Q38+T38 -> 0 | D38: =+C38-B38 -> 0 | E38: =+I38+L38+O38+R38+U38 -> 0 | F38: =+J38+M38+P38+S38+V38 -> 0
A39: psycholog 2 | B39: 0 | C39: =+H39+K39+N39+Q39+T39 -> 0 | D39: =+C39-B39 -> 0 | E39: =+I39+L39+O39+R39+U39 -> 0 | F39: =+J39+M39+P39+S39+V39 -> 0
A40: výnosy TDZ Děčín | B40: =SUM(B41:B42) -> 170000 | C40: =SUM(C41:C42) -> 0 | D40: =SUM(D41:D42) -> -170000 | E40: =SUM(E41:E42) -> 0 | F40: =SUM(F41:F42) -> 0 | H40: =SUM(H41:H42) -> 0 | I40: =SUM(I41:I42) -> 0 | J40: =SUM(J41:J42) -> 0 | K40: =SUM(K41:K42) -> 0 | L40: =SUM(L41:L42) -> 0 | M40: =SUM(M41:M42) -> 0 | N40: =SUM(N41:N42) -> 0 | O40: =SUM(O41:O42) -> 0 | ... V40: =SUM(V41:V42) -> 0
A41: psych. s 1 - Jirásková | B41: =200000*0.85 -> 170000 | C41: =+H41+K41+N41+Q41+T41 -> 0 | D41: =+C41-B41 -> -170000 | E41: =+I41+L41+O41+R41+U41 -> 0 | F41: =+J41+M41+P41+S41+V41 -> 0
A42: psych. s 2 | B42: 0 | C42: =+H42+K42+N42+Q42+T42 -> 0 | D42: =+C42-B42 -> 0 | E42: =+I42+L42+O42+R42+U42 -> 0 | F42: =+J42+M42+P42+S42+V42 -> 0
A43: výnosy TDZ Most | B43: =SUM(B44:B45) -> 85000 | C43: =SUM(C44:C45) -> 68870.48 | D43: =SUM(D44:D45) -> -16129.52 | E43: =SUM(E44:E45) -> 72 | F43: =SUM(F44:F45) -> 5.03125 | H43: =SUM(H44:H45) -> 3707.34 | I43: =SUM(I44:I45) -> 3 | J43: =SUM(J44:J45) -> 0.27083333 | K43: =SUM(K44:K45) -> 17728.2 | L43: =SUM(L44:L45) -> 18 | M43: =SUM(M44:M45) -> 1.2951389 | N43: =SUM(N44:N45) -> 14259 | O43: =SUM(O44:O45) -> 17 | ... V43: =SUM(V44:V45) -> 1.1736111
A44: psych. s 1 Prajzová 0,5 | B44: =200000/2*0.85 -> 85000 | C44: =+H44+K44+N44+Q44+T44 -> 68870.48 | D44: =+C44-B44 -> -16129.52 | E44: =+I44+L44+O44+R44+U44 -> 72 | F44: =+J44+M44+P44+S44+V44 -> 5.03125 | H44: 3707.34 | I44: 3 | J44: 0.27083333 | K44: 17728.2 | L44: 18 | M44: 1.2951389 | N44: 14259 | O44: 17 | P44: 1.0416667 | Q44: 17110.8 | R44: 17 | S44: 1.25 | T44: 16065.14 | U44: 17 | V44: 1.1736111
A45: psych. s 2 | B45: 0 | C45: =+H45+K45+N45+Q45+T45 -> 0 | D45: =+C45-B45 -> 0 | E45: =+I45+L45+O45+R45+U45 -> 0 | F45: =+J45+M45+P45+S45+V45 -> 0
A46: výnosy TDZ Teplice | B46: =SUM(B47:B48) -> 0 | C46: =SUM(C47:C48) -> 0 | D46: =SUM(D47:D48) -> 0 | E46: =SUM(E47:E48) -> 0 | F46: =SUM(F47:F48) -> 0 | H46: =SUM(H47:H48) -> 0 | I46: =SUM(I47:I48) -> 0 | J46: =SUM(J47:J48) -> 0 | K46: =SUM(K47:K48) -> 0 | L46: =SUM(L47:L48) -> 0 | M46: =SUM(M47:M48) -> 0 | N46: =SUM(N47:N48) -> 0 | O46: =SUM(O47:O48) -> 0 | ... V46: =SUM(V47:V48) -> 0
A47: psych. s 1 | B47: 0 | C47: =+H47+K47+N47+Q47+T47 -> 0 | D47: =+C47-B47 -> 0 | E47: =+I47+L47+O47+R47+U47 -> 0 | F47: =+J47+M47+P47+S47+V47 -> 0
A48: psych. s 2 | B48: 0 | C48: =+H48+K48+N48+Q48+T48 -> 0 | D48: =+C48-B48 -> 0 | E48: =+I48+L48+O48+R48+U48 -> 0 | F48: =+J48+M48+P48+S48+V48 -> 0
A49: výnosy TDZ pro děti | B49: =SUM(B50:B51) -> 0 | C49: =SUM(C50:C51) -> 0 | D49: =SUM(D50:D51) -> 0 | E49: =SUM(E50:E51) -> 0 | F49: =SUM(F50:F51) -> 0 | H49: =SUM(H50:H51) -> 0 | I49: =SUM(I50:I51) -> 0 | J49: =SUM(J50:J51) -> 0 | K49: =SUM(K50:K51) -> 0 | L49: =SUM(L50:L51) -> 0 | M49: =SUM(M50:M51) -> 0 | N49: =SUM(N50:N51) -> 0 | O49: =SUM(O50:O51) -> 0 | ... V49: =SUM(V50:V51) -> 0
A50: psych. s 1 - Skokanová | B50: 0 | C50: =+H50+K50+N50+Q50+T50 -> 0 | D50: =+C50-B50 -> 0 | E50: =+I50+L50+O50+R50+U50 -> 0 | F50: =+J50+M50+P50+S50+V50 -> 0
A51: psych. s 2 | B51: 0 | C51: =+H51+K51+N51+Q51+T51 -> 0 | D51: =+C51-B51 -> 0 | E51: =+I51+L51+O51+R51+U51 -> 0 | F51: =+J51+M51+P51+S51+V51 -> 0
A52: VÝNOSY CELKEM | B52: =+B49+B40+B31+B22+B13+B3+B46+B43 -> 2815000 | C52: =+C49+C40+C31+C22+C13+C3+C46+C43 -> 1734381 | D52: =+D49+D40+D31+D22+D13+D3+D46+D43 -> -1080619 | E52: =+E49+E40+E31+E22+E13+E3+E46+E43 -> 1570 | F52: =+F49+F40+F31+F22+F13+F3+F46+F43 -> 103.92042 | H52: =+H49+H40+H31+H22+H13+H3+H46+H43 -> 78645.36 | I52: =+I49+I40+I31+I22+I13+I3+I46+I43 -> 71 | J52: =+J49+J40+J31+J22+J13+J3+J46+J43 -> 4.8958333 | K52: =+K49+K40+K31+K22+K13+K3+K46+K43 -> 376544.7 | L52: =+L49+L40+L31+L22+L13+L3+L46+L43 -> 334 | M52: =+M49+M40+M31+M22+M13+M3+M46+M43 -> 21.677083 | N52: =+N49+N40+N31+N22+N13+N3+N46+N43 -> 453561.4 | O52: =+O49+O40+O31+O22+O13+O3+O46+O43 -> 417 | ... V52: =+V49+V40+V31+V22+V13+V3+V46+V43 -> 27.293056
A54: NÁKLADY | B54: plán měsíce | C54: skutečnost měsíce | D54: rozdíl
A55: Mzdy a odvody pracovníků | B55: =+B56+B66+B75+B84+B93+B102+B96+B99 -> 1172500 | C55: =+C56+C66+C75+C84+C93+C102+C96+C99 -> 1163790 | D55: =+C55-B55 -> -8710
A56: 1. CDZ Ústí | B56: =SUM(B57:B65)*1.34 -> 633820 | C56: =SUM(C57:C65)*1.34 -> 633820 | D56: =+C56-B56 -> 0
A57: =+A4 -> psych. s. 1 - NÁGLOVÁ | B57: 60000 | C57: =+B57 -> 60000 | D57: =+C57-B57 -> 0
A58: =+A5 -> psych. s. 2 - HAJASOVÁ | B58: 47000 | C58: =+B58 -> 47000 | D58: =+C58-B58 -> 0
A59: =+A6 -> psych. s. 3 - KAŠPÁRKOVÁ/Pekárová | B59: 65000 | C59: =+B59 -> 65000 | D59: =+C59-B59 -> 0
A60: =+A7 -> psychiatr 1 | B60: 0 | C60: 0 | D60: =+C60-B60 -> 0
A61: =+A8 -> psychiatr - GÁBEL 0,2 | B61: 16000 | C61: =+B61 -> 16000 | D61: =+C61-B61 -> 0
A62: =+A9 -> psychiatr - PFEIFFER 0,5 | B62: 85000 | C62: =+B62 -> 85000 | D62: =+C62-B62 -> 0
A63: =+A10 -> psychiatr - Dr. Suchánková 1,0 | B63: 160000 | C63: =+B63 -> 160000 | D63: =+C63-B63 -> 0
A64: =+A11 -> psycholog 1 - Dr. Balko 0,2 | B64: 25000 | C64: =+B64 -> 25000 | D64: =+C64-B64 -> 0
A65: =+A12 -> psycholog 2 - Lichtenbergová | B65: 15000 | C65: =+B65 -> 15000 | D65: =+C65-B65 -> 0
A66: 2. CDZ Chomutov | B66: =SUM(B67:B74)*1.34 -> 154100 | C66: =SUM(C67:C74)*1.34 -> 158120 | D66: =+C66-B66 -> 4020
A67: psych. s 1 - Blažková | B67: 55000 | C67: 56500 | D67: =+C67-B67 -> 1500
A68: psych. s 2 - Pátková | B68: 60000 | C68: 61500 | D68: =+C68-B68 -> 1500
A69: psych. s 3 | B69: 0 | C69: 0 | D69: =+C69-B69 -> 0
A70: psych. s 4 | B70: 0 | C70: 0 | D70: =+C70-B70 -> 0
A71: psychiatr 1 - 0,5 od 1.4 | B71: 0 | C71: 0 | D71: =+C71-B71 -> 0
A72: psychiatr 2 | B72: 0 | C72: 0 | D72: =+C72-B72 -> 0
A73: psycholog 1 - 0,5 | B73: 0 | C73: 0 | D73: =+C73-B73 -> 0
A74: psycholog 2 | B74: 0 | C74: 0 | D74: =+C74-B74 -> 0
A75: 3. CDZ Žatec | B75: =SUM(B76:B83)*1.34 -> 238520 | C75: =SUM(C76:C83)*1.34 -> 242540 | D75: =+C75-B75 -> 4020
A76: psych. s 1 - ZELENKOVÁ | B76: 65000 | C76: =+B76 -> 65000 | D76: =+C76-B76 -> 0
A77: psych. s 2 - Vondráčková | B77: 58000 | C77: 59500 | D77: =+C77-B77 -> 1500
A78: psych. s 3 - Nováková | B78: 55000 | C78: 56500 | D78: =+C78-B78 -> 1500
A79: všeob. s 4 - Dušková | B79: 0 | C79: 0 | D79: =+C79-B79 -> 0
A80: psychiatr 1 - 0,5 od 1.4 | B80: 0 | C80: 0 | D80: =+C80-B80 -> 0
A81: psychiatr 2 | B81: 0 | C81: 0 | D81: =+C81-B81 -> 0
A82: psycholog 1 - 0,5 | B82: 0 | C82: 0 | D82: =+C82-B82 -> 0
A83: psycholog 2 | B83: 0 | C83: 0 | D83: =+C83-B83 -> 0
A84: 4. CDZ Litoměřice | B84: =SUM(B85:B92)*1.34 -> 93800 | C84: =SUM(C85:C92)*1.34 -> 93800 | D84: =+C84-B84 -> 0
A85: psych. s 1 - Štréblová | B85: 70000 | C85: =+B85 -> 70000 | D85: =+C85-B85 -> 0
A86: psych. s 2 | B86: 0 | C86: 0 | D86: =+C86-B86 -> 0
A87: psych. s 3 | B87: 0 | C87: 0 | D87: =+C87-B87 -> 0
A88: psych. s 4 | B88: 0 | C88: 0 | D88: =+C88-B88 -> 0
A89: psychiatr 1 - 0,5 | B89: 0 | C89: 0 | D89: =+C89-B89 -> 0
A90: psychiatr 2 | B90: 0 | C90: 0 | D90: =+C90-B90 -> 0
A91: psycholog 1 - 0,5 | B91: 0 | C91: 0 | D91: =+C91-B91 -> 0
A92: psycholog 2 | B92: 0 | C92: 0 | D92: =+C92-B92 -> 0
A93: 5. TDZ Děčín | B93: =SUM(B94:B95)*1.34 -> 0 | C93: =SUM(C94:C95)*1.34 -> 0 | D93: =+C93-B93 -> 0
A94: psych. s 1 - Jirásková | B94: 0 | C94: 0 | D94: =+C94-B94 -> 0
A95: psych. s 2 | B95: 0 | C95: 0 | D95: =+C95-B95 -> 0
A96: 6. TDZ Most | B96: =SUM(B97:B98)*1.34 -> 33500 | C96: =SUM(C97:C98)*1.34 -> 35510 | D96: =+C96-B96 -> 2010
A97: psych. s 1 Prajzová 0,5 | B97: 25000 | C97: 26500 | D97: =+C97-B97 -> 1500
A98: psych. s 2 | B98: 0 | C98: 0 | D98: =+C98-B98 -> 0
A99: 7. TDZ Teplice | B99: =SUM(B100:B101)*1.34 -> 0 | C99: =SUM(C100:C101)*1.34 -> 0 | D99: =+C99-B99 -> 0
A100: psych. s 1 | B100: 0 | C100: 0 | D100: =+C100-B100 -> 0
A101: psych. s 2 | B101: 0 | C101: 0 | D101: =+C101-B101 -> 0
...

Sheet září 2025
A1: VÝNOSY | H1: týden 1 (zpravidla dělený s předchozím měsícem) | K1: týden 2 | N1: týden 3 | Q1: týden 4 | T1: týden 5 (zpravidla dělený s následujícím měsícem)
A2: Středisko/pracovník | B2: plán měsíce | C2: skutečnost měsíce | D2: rozdíl | E2: počet intervencí | F2: odpracováno hod. | H2: výkony /týden | I2: počet intervencí | J2: odpracováno hod. | K2: výkony /týden | L2: počet intervencí | M2: odpracováno hod. | N2: výkony /týden | O2: počet intervencí | P2: odpracováno hod. | Q2: výkony /týden | R2: počet intervencí | S2: odpracováno hod. | T2: výkony /týden | U2: počet intervencí | V2: odpracováno hod.
A3: výnosy CDZ Ústí | B3: =SUM(B4:B12) -> 1405000 | C3: =SUM(C4:C12) -> 1217825.3 | D3: =SUM(D4:D12) -> -187174.72 | E3: =SUM(E4:E12) -> 883 | F3: =SUM(F4:F12) -> 61.263889 | H3: =SUM(H4:H12) -> 273352.32 | I3: =SUM(I4:I12) -> 210 | J3: =SUM(J4:J12) -> 13.96875 | K3: =SUM(K4:K12) -> 265260.96 | L3: =SUM(L4:L12) -> 198 | M3: =SUM(M4:M12) -> 13.388889 | N3: =SUM(N4:N12) -> 264335.4 | O3: =SUM(O4:O12) -> 193 | ... V3: =SUM(V4:V12) -> 6.8611111
A4: psych. s. 1 - NÁGLOVÁ | B4: 200000 | C4: =+H4+K4+N4+Q4+T4 -> 205164.36 | D4: =+C4-B4 -> 5164.36 | E4: =+I4+L4+O4+R4+U4 -> 210 | F4: =+J4+M4+P4+S4+V4 -> 12.59375 | H4: 48758.76 | I4: 49 | J4: 2.9722222 | K4: 52234.2 | L4: 56 | M4: 3.1458333 | N4: 40036.68 | O4: 42 | P4: 2.5069444 | Q4: 41934.24 | R4: 42 | S4: 2.6215278 | T4: 22200.48 | U4: 21 | V4: 1.3472222
A5: psych. s. 2 - HAJASOVÁ | B5: 200000 | C5: =+H5+K5+N5+Q5+T5 -> 141477.84 | D5: =+C5-B5 -> -58522.16 | E5: =+I5+L5+O5+R5+U5 -> 127 | F5: =+J5+M5+P5+S5+V5 -> 8.9375 | H5: 35439.12 | I5: 31 | J5: 2.2361111 | K5: 35082.72 | L5: 35 | M5: 2.2013889 | N5: 30620.16 | O5: 25 | P5: 1.9166667 | Q5: 25025.76 | R5: 20 | S5: 1.625 | T5: 15310.08 | U5: 16 | V5: 0.95833333
A6: psych. s. 3 - KAŠPÁRKOVÁ/Pekárová | B6: 200000 | C6: =+H6+K6+N6+Q6+T6 -> 155206.8 | D6: =+C6-B6 -> -44793.2 | E6: =+I6+L6+O6+R6+U6 -> 144 | F6: =+J6+M6+P6+S6+V6 -> 9.7118056 | H6: 38962.08 | I6: 38 | J6: 2.4131944 | K6: 22340.88 | L6: 18 | M6: 1.4583333 | N6: 34076.16 | O6: 33 | P6: 2.1458333 | Q6: 42775.56 | R6: 37 | S6: 2.6319444 | T6: 17052.12 | U6: 18 | V6: 1.0625
A7: psych. s. 4 - | B7: 0 | C7: =+H7+K7+N7+Q7+T7 -> 0 | D7: =+C7-B7 -> 0 | E7: =+I7+L7+O7+R7+U7 -> 0 | F7: =+J7+M7+P7+S7+V7 -> 0
A8: psychiatr - GÁBEL 0,2 | B8: =450000*0.2 -> 90000 | C8: =+H8+K8+N8+Q8+T8 -> 8365.68 | D8: =+C8-B8 -> -81634.32 | E8: =+I8+L8+O8+R8+U8 -> 15 | F8: =+J8+M8+P8+S8+V8 -> 0.41666667 | H8: 2397.6 | I8: 3 | J8: 0.125 | K8: 977.4 | L8: 5 | M8: 0.034722222 | N8: 2593.08 | O8: 4 | P8: 0.13194444 | Q8: 2397.6 | R8: 3 | S8: 0.125
A9: psychiatr - PFEIFFER 0,5 | B9: =450000*0.5 -> 225000 | C9: =+H9+K9+N9+Q9+T9 -> 226947.96 | D9: =+C9-B9 -> 1947.96 | E9: =+I9+L9+O9+R9+U9 -> 142 | F9: =+J9+M9+P9+S9+V9 -> 9.5069444 | H9: 44370.72 | I9: 32 | J9: 1.8541667 | K9: 47271.6 | L9: 28 | M9: 2 | N9: 43367.4 | O9: 33 | P9: 1.8263889 | Q9: 48987.72 | R9: 26 | S9: 2 | T9: 42950.52 | U9: 23 | V9: 1.8263889
A10: psychiatr - Dr. Suchánková 1,0 | B10: =450000 -> 450000 | C10: =+H10+K10+N10+Q10+T10 -> 458870.4 | D10: =+C10-B10 -> 8870.4 | E10: =+I10+L10+O10+R10+U10 -> 239 | F10: =+J10+M10+P10+S10+V10 -> 19.347222 | H10: 103424.04 | I10: 57 | J10: 4.3680556 | K10: 107354.16 | L10: 56 | M10: 4.5486111 | N10: 99113.76 | O10: 52 | P10: 4.1944444 | Q10: 108613.44 | R10: 53 | S10: 4.5694444 | T10: 40365 | U10: 21 | V10: 1.6666667
A11: psycholog 1 - Dr. Balko 0,5 | B11: 40000 | C11: =+H11+K11+N11+Q11+T11 -> 21792.24 | D11: =+C11-B11 -> -18207.76 | E11: =+I11+L11+O11+R11+U11 -> 6 | F11: =+J11+M11+P11+S11+V11 -> 0.75 | N11: 14528.16 | O11: 4 | P11: 0.5 | Q11: 7264.08 | R11: 2 | S11: 0.25
A12: psycholog 2 | B12: 0 | C12: =+H12+K12+N12+Q12+T12 -> 0 | D12: =+C12-B12 -> 0 | E12: =+I12+L12+O12+R12+U12 -> 0 | F12: =+J12+M12+P12+S12+V12 -> 0
A13: výnosy CDZ Chomutov | B13: =SUM(B14:B21) -> 400000 | C13: =SUM(C14:C21) -> 288544.34 | D13: =SUM(D14:D21) -> -111455.66 | E13: =SUM(E14:E21) -> 336 | F13: =SUM(F14:F21) -> 21.079861 | H13: =SUM(H14:H21) -> 46338.32 | I13: =SUM(I14:I21) -> 54 | J13: =SUM(J14:J21) -> 3.3854167 | K13: =SUM(K14:K21) -> 64542.8 | L13: =SUM(L14:L21) -> 78 | M13: =SUM(M14:M21) -> 4.7152778 | N13: =SUM(N14:N21) -> 71292.06 | O13: =SUM(O14:O21) -> 76 | ... V13: =SUM(V14:V21) -> 2.2430556
A14: psych. s 1 - Blažková | B14: 200000 | C14: =+H14+K14+N14+Q14+T14 -> 165539.64 | D14: =+C14-B14 -> -34460.36 | E14: =+I14+L14+O14+R14+U14 -> 198 | F14: =+J14+M14+P14+S14+V14 -> 12.09375 | H14: 46338.32 | I14: 54 | J14: 3.3854167 | K14: 31083.64 | L14: 36 | M14: 2.2708333 | N14: 36310.96 | O14: 46 | P14: 2.6527778 | Q14: 37357.6 | R14: 41 | S14: 2.7291667 | T14: 14449.12 | U14: 21 | V14: 1.0555556
A15: psych. s 2 - Pátková od 1.3 | B15: 200000 | C15: =+H15+K15+N15+Q15+T15 -> 123004.7 | D15: =+C15-B15 -> -76995.3 | E15: =+I15+L15+O15+R15+U15 -> 138 | F15: =+J15+M15+P15+S15+V15 -> 8.9861111 | K15: 33459.16 | L15: 42 | M15: 2.4444444 | N15: 34981.1 | O15: 30 | P15: 2.5555556 | Q15: 38309.18 | R15: 44 | S15: 2.7986111 | T15: 16255.26 | U15: 22 | V15: 1.1875
A16: psych. s 3 - Jurášová | B16: 0 | C16: =+H16+K16+N16+Q16+T16 -> 0 | D16: =+C16-B16 -> 0 | E16: =+I16+L16+O16+R16+U16 -> 0 | F16: =+J16+M16+P16+S16+V16 -> 0
A17: psych. s 4 | B17: 0 | C17: =+H17+K17+N17+Q17+T17 -> 0 | D17: 0 | E17: =+I17+L17+O17+R17+U17 -> 0 | F17: =+J17+M17+P17+S17+V17 -> 0
A18: psychiatr 1 - | B18: 0 | C18: =+H18+K18+N18+Q18+T18 -> 0 | D18: 0 | E18: =+I18+L18+O18+R18+U18 -> 0 | F18: =+J18+M18+P18+S18+V18 -> 0
A19: psychiatr 2 | B19: 0 | C19: =+H19+K19+N19+Q19+T19 -> 0 | D19: =+C19-B19 -> 0 | E19: =+I19+L19+O19+R19+U19 -> 0 | F19: =+J19+M19+P19+S19+V19 -> 0
A20: psycholog 1 - Mgr. Eva Suchopová 0,2 | B20: 0 | C20: =+H20+K20+N20+Q20+T20 -> 0 | D20: =+C20-B20 -> 0 | E20: =+I20+L20+O20+R20+U20 -> 0 | F20: =+J20+M20+P20+S20+V20 -> 0
A21: psycholog 2 | B21: 0 | C21: =+H21+K21+N21+Q21+T21 -> 0 | D21: =+C21-B21 -> 0 | E21: =+I21+L21+O21+R21+U21 -> 0 | F21: =+J21+M21+P21+S21+V21 -> 0
A22: výnosy CDZ Žatec | B22: =SUM(B23:B30) -> 600000 | C22: =SUM(C23:C30) -> 403466 | D22: =SUM(D23:D30) -> -196534 | E22: =SUM(E23:E30) -> 445 | F22: =SUM(F23:F30) -> 29.475694 | H22: =SUM(H23:H30) -> 93442.02 | I22: =SUM(I23:I30) -> 105 | J22: =SUM(J23:J30) -> 6.8263889 | K22: =SUM(K23:K30) -> 94393.6 | L22: =SUM(L23:L30) -> 101 | M22: =SUM(M23:M30) -> 6.8958333 | N22: =SUM(N23:N30) -> 88779.18 | O22: =SUM(O23:O30) -> 101 | ... V22: =SUM(V23:V30) -> 2.6631944
A23: psych. s 1 - ZELENKOVÁ | B23: =200000 -> 200000 | C23: =+H23+K23+N23+Q23+T23 -> 147243.04 | D23: =+C23-B23 -> -52756.96 | E23: =+I23+L23+O23+R23+U23 -> 148 | F23: =+J23+M23+P23+S23+V23 -> 10.756944 | H23: 31179.68 | I23: 33 | J23: 2.2777778 | K23: 36502.06 | L23: 37 | M23: 2.6666667 | N23: 35359.38 | O23: 36 | P23: 2.5833333 | Q23: 31654 | R23: 28 | S23: 2.3125 | T23: 12547.92 | U23: 14 | V23: 0.91666667
A24: psych. s 2 - Vondráčková | B24: =200000 -> 200000 | C24: =+H24+K24+N24+Q24+T24 -> 130083.24 | D24: =+C24-B24 -> -69916.76 | E24: =+I24+L24+O24+R24+U24 -> 156 | F24: =+J24+M24+P24+S24+V24 -> 9.5034722 | H24: 33746.3 | I24: 37 | J24: 2.4652778 | K24: 33175.94 | L24: 33 | M24: 2.4236111 | N24: 18629.8 | O24: 31 | P24: 1.3611111 | Q24: 31461.92 | R24: 40 | S24: 2.2986111 | T24: 13069.28 | U24: 15 | V24: 0.95486111
A25: psych. s 3 - Nováková | B25: =200000 -> 200000 | C25: =+H25+K25+N25+Q25+T25 -> 126139.72 | D25: =+C25-B25 -> -73860.28 | E25: =+I25+L25+O25+R25+U25 -> 141 | F25: =+J25+M25+P25+S25+V25 -> 9.2152778 | H25: 28516.04 | I25: 35 | J25: 2.0833333 | K25: 24715.6 | L25: 31 | M25: 1.8055556 | N25: 34790 | O25: 34 | P25: 2.5416667 | Q25: 27281.24 | R25: 27 | S25: 1.9930556 | T25: 10836.84 | U25: 14 | V25: 0.79166667
A26: všeob. s 4 - Dušková | B26: 0 | C26: =+H26+K26+N26+Q26+T26 -> 0 | D26: 0 | E26: =+I26+L26+O26+R26+U26 -> 0 | F26: =+J26+M26+P26+S26+V26 -> 0
A27: psychiatr 1 - | B27: 0 | C27: =+H27+K27+N27+Q27+T27 -> 0 | D27: 0 | E27: =+I27+L27+O27+R27+U27 -> 0 | F27: =+J27+M27+P27+S27+V27 -> 0
A28: psychiatr 2 | B28: 0 | C28: =+H28+K28+N28+Q28+T28 -> 0 | D28: =+C28-B28 -> 0 | E28: =+I28+L28+O28+R28+U28 -> 0 | F28: =+J28+M28+P28+S28+V28 -> 0
A29: psycholog 1 - Lichtenbergová | B29: 0 | C29: =+H29+K29+N29+Q29+T29 -> 0 | D29: =+C29-B29 -> 0 | E29: =+I29+L29+O29+R29+U29 -> 0 | F29: =+J29+M29+P29+S29+V29 -> 0
A30: psycholog 2 | B30: 0 | C30: =+H30+K30+N30+Q30+T30 -> 0 | D30: =+C30-B30 -> 0 | E30: =+I30+L30+O30+R30+U30 -> 0 | F30: =+J30+M30+P30+S30+V30 -> 0
A31: výnosy CDZ Litoměřice | B31: =SUM(B32:B39) -> 200000 | C31: =SUM(C32:C39) -> 94874.78 | D31: =SUM(D32:D39) -> -105125.22 | E31: =SUM(E32:E39) -> 131 | F31: =SUM(F32:F39) -> 6.9305556 | H31: =SUM(H32:H39) -> 22481.2 | I31: =SUM(I32:I39) -> 32 | J31: =SUM(J32:J39) -> 1.6423611 | K31: =SUM(K32:K39) -> 11787.44 | L31: =SUM(L32:L39) -> 14 | M31: =SUM(M32:M39) -> 0.86111111 | N31: =SUM(N32:N39) -> 23865.94 | O31: =SUM(O32:O39) -> 35 | ... V31: =SUM(V32:V39) -> 0.69444444
A32: psych. s 1 - Štréblová | B32: =200000 -> 200000 | C32: =+H32+K32+N32+Q32+T32 -> 94874.78 | D32: =+C32-B32 -> -105125.22 | E32: =+I32+L32+O32+R32+U32 -> 131 | F32: =+J32+M32+P32+S32+V32 -> 6.9305556 | H32: 22481.2 | I32: 32 | J32: 1.6423611 | K32: 11787.44 | L32: 14 | M32: 0.86111111 | N32: 23865.94 | O32: 35 | P32: 1.7430556 | Q32: 27234.2 | R32: 35 | S32: 1.9895833 | T32: 9506 | U32: 15 | V32: 0.69444444
A33: psych. s 2 | B33: 0 | C33: =+H33+K33+N33+Q33+T33 -> 0 | D33: =+C33-B33 -> 0 | E33: =+I33+L33+O33+R33+U33 -> 0 | F33: =+J33+M33+P33+S33+V33 -> 0
A34: psych. s 3 | B34: 0 | C34: =+H34+K34+N34+Q34+T34 -> 0 | D34: =+C34-B34 -> 0 | E34: =+I34+L34+O34+R34+U34 -> 0 | F34: =+J34+M34+P34+S34+V34 -> 0
A35: psych. s 4 | B35: 0 | C35: =+H35+K35+N35+Q35+T35 -> 0 | D35: =+C35-B35 -> 0 | E35: =+I35+L35+O35+R35+U35 -> 0 | F35: =+J35+M35+P35+S35+V35 -> 0
A36: psychiatr 1 - 0,5 | B36: 0 | C36: =+H36+K36+N36+Q36+T36 -> 0 | D36: =+C36-B36 -> 0 | E36: =+I36+L36+O36+R36+U36 -> 0 | F36: =+J36+M36+P36+S36+V36 -> 0
A37: psychiatr 2 | B37: 0 | C37: =+H37+K37+N37+Q37+T37 -> 0 | D37: =+C37-B37 -> 0 | E37: =+I37+L37+O37+R37+U37 -> 0 | F37: =+J37+M37+P37+S37+V37 -> 0
A38: psycholog 1 - 0,5 | B38: 0 | C38: =+H38+K38+N38+Q38+T38 -> 0 | D38: =+C38-B38 -> 0 | E38: =+I38+L38+O38+R38+U38 -> 0 | F38: =+J38+M38+P38+S38+V38 -> 0
A39: psycholog 2 | B39: 0 | C39: =+H39+K39+N39+Q39+T39 -> 0 | D39: =+C39-B39 -> 0 | E39: =+I39+L39+O39+R39+U39 -> 0 | F39: =+J39+M39+P39+S39+V39 -> 0
A40: výnosy TDZ Děčín | B40: =SUM(B41:B42) -> 0 | C40: =SUM(C41:C42) -> 0 | D40: =SUM(D41:D42) -> 0 | E40: =SUM(E41:E42) -> 0 | F40: =SUM(F41:F42) -> 0 | H40: =SUM(H41:H42) -> 0 | I40: =SUM(I41:I42) -> 0 | J40: =SUM(J41:J42) -> 0 | K40: =SUM(K41:K42) -> 0 | L40: =SUM(L41:L42) -> 0 | M40: =SUM(M41:M42) -> 0 | N40: =SUM(N41:N42) -> 0 | O40: =SUM(O41:O42) -> 0 | ... V40: =SUM(V41:V42) -> 0
A41: psych. s 1 - | B41: 0 | C41: =+H41+K41+N41+Q41+T41 -> 0 | D41: =+C41-B41 -> 0 | E41: =+I41+L41+O41+R41+U41 -> 0 | F41: =+J41+M41+P41+S41+V41 -> 0
A42: psych. s 2 | B42: 0 | C42: =+H42+K42+N42+Q42+T42 -> 0 | D42: =+C42-B42 -> 0 | E42: =+I42+L42+O42+R42+U42 -> 0 | F42: =+J42+M42+P42+S42+V42 -> 0
A43: výnosy TDZ Most | B43: =SUM(B44:B45) -> 85000 | C43: =SUM(C44:C45) -> 69678 | D43: =SUM(D44:D45) -> -15322 | E43: =SUM(E44:E45) -> 88 | F43: =SUM(F44:F45) -> 5.0902778 | H43: =SUM(H44:H45) -> 14449.12 | I43: =SUM(I44:I45) -> 17 | J43: =SUM(J44:J45) -> 1.0555556 | K43: =SUM(K44:K45) -> 14924.42 | L43: =SUM(L44:L45) -> 21 | M43: =SUM(M44:M45) -> 1.0902778 | N43: =SUM(N44:N45) -> 17015.74 | O43: =SUM(O44:O45) -> 22 | ... V43: =SUM(V44:V45) -> 0.47916667
A44: psych. s 1 Prajzová | B44: 85000 | C44: =+H44+K44+N44+Q44+T44 -> 69678 | D44: =+C44-B44 -> -15322 | E44: =+I44+L44+O44+R44+U44 -> 88 | F44: =+J44+M44+P44+S44+V44 -> 5.0902778 | H44: 14449.12 | I44: 17 | J44: 1.0555556 | K44: 14924.42 | L44: 21 | M44: 1.0902778 | N44: 17015.74 | O44: 22 | P44: 1.2430556 | Q44: 16729.58 | R44: 23 | S44: 1.2222222 | T44: 6559.14 | U44: 5 | V44: 0.47916667
A45: psych. s 2 | B45: 0 | C45: =+H45+K45+N45+Q45+T45 -> 0 | D45: =+C45-B45 -> 0 | E45: =+I45+L45+O45+R45+U45 -> 0 | F45: =+J45+M45+P45+S45+V45 -> 0
A46: výnosy TDZ Teplice | B46: =SUM(B47:B48) -> 0 | C46: =SUM(C47:C48) -> 0 | D46: =SUM(D47:D48) -> 0 | E46: =SUM(E47:E48) -> 0 | F46: =SUM(F47:F48) -> 0 | H46: =SUM(H47:H48) -> 0 | I46: =SUM(I47:I48) -> 0 | J46: =SUM(J47:J48) -> 0 | K46: =SUM(K47:K48) -> 0 | L46: =SUM(L47:L48) -> 0 | M46: =SUM(M47:M48) -> 0 | N46: =SUM(N47:N48) -> 0 | O46: =SUM(O47:O48) -> 0 | ... V46: =SUM(V47:V48) -> 0
A47: psych. s 1 | B47: 0 | C47: =+H47+K47+N47+Q47+T47 -> 0 | D47: =+C47-B47 -> 0 | E47: =+I47+L47+O47+R47+U47 -> 0 | F47: =+J47+M47+P47+S47+V47 -> 0
A48: psych. s 2 | B48: 0 | C48: =+H48+K48+N48+Q48+T48 -> 0 | D48: =+C48-B48 -> 0 | E48: =+I48+L48+O48+R48+U48 -> 0 | F48: =+J48+M48+P48+S48+V48 -> 0
A49: výnosy TDZ pro děti | B49: =SUM(B50:B51) -> 0 | C49: =SUM(C50:C51) -> 0 | D49: =SUM(D50:D51) -> 0 | E49: =SUM(E50:E51) -> 0 | F49: =SUM(F50:F51) -> 0 | H49: =SUM(H50:H51) -> 0 | I49: =SUM(I50:I51) -> 0 | J49: =SUM(J50:J51) -> 0 | K49: =SUM(K50:K51) -> 0 | L49: =SUM(L50:L51) -> 0 | M49: =SUM(M50:M51) -> 0 | N49: =SUM(N50:N51) -> 0 | O49: =SUM(O50:O51) -> 0 | ... V49: =SUM(V50:V51) -> 0
A50: psych. s 1 - Skokanová | B50: 0 | C50: =+H50+K50+N50+Q50+T50 -> 0 | D50: =+C50-B50 -> 0 | E50: =+I50+L50+O50+R50+U50 -> 0 | F50: =+J50+M50+P50+S50+V50 -> 0
A51: psych. s 2 | B51: 0 | C51: =+H51+K51+N51+Q51+T51 -> 0 | D51: =+C51-B51 -> 0 | E51: =+I51+L51+O51+R51+U51 -> 0 | F51: =+J51+M51+P51+S51+V51 -> 0
A52: VÝNOSY CELKEM | B52: =+B49+B40+B31+B22+B13+B3+B46+B43 -> 2690000 | C52: =+C49+C40+C31+C22+C13+C3+C46+C43 -> 2074388.4 | D52: =+D49+D40+D31+D22+D13+D3+D46+D43 -> -615611.6 | E52: =+E49+E40+E31+E22+E13+E3+E46+E43 -> 1883 | F52: =+F49+F40+F31+F22+F13+F3+F46+F43 -> 123.84028 | H52: =+H49+H40+H31+H22+H13+H3+H46+H43 -> 450062.98 | I52: =+I49+I40+I31+I22+I13+I3+I46+I43 -> 418 | J52: =+J49+J40+J31+J22+J13+J3+J46+J43 -> 26.878472 | K52: =+K49+K40+K31+K22+K13+K3+K46+K43 -> 450909.22 | L52: =+L49+L40+L31+L22+L13+L3+L46+L43 -> 412 | M52: =+M49+M40+M31+M22+M13+M3+M46+M43 -> 26.951389 | N52: =+N49+N40+N31+N22+N13+N3+N46+N43 -> 465288.32 | O52: =+O49+O40+O31+O22+O13+O3+O46+O43 -> 427 | ... V52: =+V49+V40+V31+V22+V13+V3+V46+V43 -> 12.940972
A54: NÁKLADY | B54: plán měsíce | C54: skutečnost měsíce | D54: rozdíl
A55: Mzdy a odvody pracovníků | B55: =+B56+B66+B75+B84+B93+B102+B96+B99 -> 1255580 | C55: =+C56+C66+C75+C84+C93+C102+C96+C99 -> 1234274 | D55: =+C55-B55 -> -21306
A56: 1. CDZ Ústí | B56: =SUM(B57:B65)*1.34 -> 653920 | C56: =SUM(C57:C65)*1.34 -> 643334 | D56: =+C56-B56 -> -10586
A57: =+A4 -> psych. s. 1 - NÁGLOVÁ | B57: 60000 | C57: 64550 | D57: =+C57-B57 -> 4550
A58: =+A5 -> psych. s. 2 - HAJASOVÁ | B58: 47000 | C58: 49550 | D58: =+C58-B58 -> 2550
A59: =+A6 -> psych. s. 3 - KAŠPÁRKOVÁ/Pekárová | B59: 65000 | C59: 65000 | D59: =+C59-B59 -> 0
A60: =+A7 -> psych. s. 4 - | B60: 0 | C60: 0 | D60: =+C60-B60 -> 0
A61: =+A8 -> psychiatr - GÁBEL 0,2 | B61: 16000 | C61: 16000 | D61: =+C61-B61 -> 0
A62: =+A9 -> psychiatr - PFEIFFER 0,5 | B62: 85000 | C62: 85000 | D62: =+C62-B62 -> 0
A63: =+A10 -> psychiatr - Dr. Suchánková 1,0 | B63: 160000 | C63: 160000 | D63: =+C63-B63 -> 0
A64: =+A11 -> psycholog 1 - Dr. Balko 0,5 | B64: 40000 | C64: 40000 | D64: =+C64-B64 -> 0
A65: =+A12 -> psycholog 2 | B65: 15000 | D65: =+C65-B65 -> -15000
A66: 2. CDZ Chomutov | B66: =SUM(B67:B74)*1.34 -> 196980 | C66: =SUM(C67:C74)*1.34 -> 198990 | D66: =+C66-B66 -> 2010
A67: =+A14 -> psych. s 1 - Blažková | B67: 55000 | C67: 55000 | D67: =+C67-B67 -> 0
A68: =+A15 -> psych. s 2 - Pátková od 1.3 | B68: 60000 | C68: 61500 | D68: =+C68-B68 -> 1500
A69: =+A16 -> psych. s 3 - Jurášová | B69: 0 | C69: 0 | D69: =+C69-B69 -> 0
A70: =+A17 -> psych. s 4 | B70: 0 | C70: 0 | D70: =+C70-B70 -> 0
A71: =+A18 -> psychiatr 1 - | B71: 0 | C71: 0 | D71: =+C71-B71 -> 0
A72: =+A19 -> psychiatr 2 | B72: 0 | C72: 0 | D72: =+C72-B72 -> 0
A73: =+A20 -> psycholog 1 - Mgr. Eva Suchopová 0,2 | B73: 32000 | C73: 32000 | D73: =+C73-B73 -> 0
A74: =+A21 -> psycholog 2 | B74: 0 | C74: 0 | D74: =+C74-B74 -> 0
A75: 3. CDZ Žatec | B75: =SUM(B76:B83)*1.34 -> 258620 | C75: =SUM(C76:C83)*1.34 -> 262640 | D75: =+C75-B75 -> 4020
A76: =+A23 -> psych. s 1 - ZELENKOVÁ | B76: 65000 | C76: 66500 | D76: =+C76-B76 -> 1500
A77: =+A24 -> psych. s 2 - Vondráčková | B77: 58000 | C77: 59500 | D77: =+C77-B77 -> 1500
A78: =+A25 -> psych. s 3 - Nováková | B78: 55000 | C78: 55000 | D78: =+C78-B78 -> 0
A79: =+A26 -> všeob. s 4 - Dušková | B79: 0 | C79: 0 | D79: =+C79-B79 -> 0
A80: =+A27 -> psychiatr 1 - | B80: 0 | C80: 0 | D80: =+C80-B80 -> 0
A81: =+A28 -> psychiatr 2 | B81: 0 | C81: 0 | D81: =+C81-B81 -> 0
A82: =+A29 -> psycholog 1 - Lichtenbergová | B82: 15000 | C82: 15000 | D82: =+C82-B82 -> 0
A83: =+A30 -> psycholog 2 | B83: 0 | C83: 0 | D83: =+C83-B83 -> 0
A84: 4. CDZ Litoměřice | B84: =SUM(B85:B92)*1.34 -> 93800 | C84: =SUM(C85:C92)*1.34 -> 93800 | D84: =+C84-B84 -> 0
A85: =+A32 -> psych. s 1 - Štréblová | B85: 70000 | C85: =+B85 -> 70000 | D85: =+C85-B85 -> 0
A86: =+A33 -> psych. s 2 | B86: 0 | C86: 0 | D86: =+C86-B86 -> 0
A87: =+A34 -> psych. s 3 | B87: 0 | C87: 0 | D87: =+C87-B87 -> 0
A88: =+A35 -> psych. s 4 | B88: 0 | C88: 0 | D88: =+C88-B88 -> 0
A89: =+A36 -> psychiatr 1 - 0,5 | B89: 0 | C89: 0 | D89: =+C89-B89 -> 0
A90: =+A37 -> psychiatr 2 | B90: 0 | C90: 0 | D90: =+C90-B90 -> 0
A91: =+A38 -> psycholog 1 - 0,5 | B91: 0 | C91: 0 | D91: =+C91-B91 -> 0
A92: =+A39 -> psycholog 2 | B92: 0 | C92: 0 | D92: =+C92-B92 -> 0
A93: 5. TDZ Děčín | B93: =SUM(B94:B95)*1.34 -> 0 | C93: =SUM(C94:C95)*1.34 -> 0 | D93: =+C93-B93 -> 0
A94: =+A41 -> psych. s 1 - | B94: 0 | C94: 0 | D94: =+C94-B94 -> 0
A95: =+A42 -> psych. s 2 | B95: 0 | C95: 0 | D95: =+C95-B95 -> 0
A96: 6. TDZ Most | B96: =SUM(B97:B98)*1.34 -> 33500 | C96: =SUM(C97:C98)*1.34 -> 35510 | D96: =+C96-B96 -> 2010
A97: =+A44 -> psych. s 1 Prajzová | B97: 25000 | C97: 26500 | D97: =+C97-B97 -> 1500
A98: =+A45 -> psych. s 2 | B98: 0 | C98: 0 | D98: =+C98-B98 -> 0
A99: 7. TDZ Teplice | B99: =SUM(B100:B101)*1.34 -> 0 | C99: =SUM(C100:C101)*1.34 -> 0 | D99: =+C99-B99 -> 0
A100: =+A47 -> psych. s 1 | B100: 0 | C100: 0 | D100: =+C100-B100 -> 0
A101: =+A48 -> psych. s 2 | B101: 0 | C101: 0 | D101: =+C101-B101 -> 0
...

Sheet říjen 2025
A1: VÝNOSY | H1: týden 1 (zpravidla dělený s předchozím měsícem) | K1: týden 2 | N1: týden 3 | Q1: týden 4 | T1: týden 5 (zpravidla dělený s následujícím měsícem)
A2: Středisko/pracovník | B2: plán měsíce | C2: skutečnost měsíce | D2: rozdíl | E2: počet intervencí | F2: odpracováno hod. | H2: výkony /týden | I2: počet intervencí | J2: odpracováno hod. | K2: výkony /týden | L2: počet intervencí | M2: odpracováno hod. | N2: výkony /týden | O2: počet intervencí | P2: odpracováno hod. | Q2: výkony /týden | R2: počet intervencí | S2: odpracováno hod. | T2: výkony /týden | U2: počet intervencí | V2: odpracováno hod.
A3: výnosy CDZ Ústí | B3: =SUM(B4:B12) -> 1605000 | C3: =SUM(C4:C12) -> 1246411.8 | D3: =SUM(D4:D12) -> -358588.2 | E3: =SUM(E4:E12) -> 945 | F3: =SUM(F4:F12) -> 63.149306 | H3: =SUM(H4:H12) -> 157702.68 | I3: =SUM(I4:I12) -> 123 | J3: =SUM(J4:J12) -> 8.2013889 | K3: =SUM(K4:K12) -> 302907.6 | L3: =SUM(L4:L12) -> 234 | M3: =SUM(M4:M12) -> 15.0625 | N3: =SUM(N4:N12) -> 289537.2 | O3: =SUM(O4:O12) -> 220 | ... V3: =SUM(V4:V12) -> 11.107639
A4: psych. s. 1 - NÁGLOVÁ | B4: 200000 | C4: =+H4+K4+N4+Q4+T4 -> 202143.6 | D4: =+C4-B4 -> 2143.6 | E4: =+I4+L4+O4+R4+U4 -> 210 | F4: =+J4+M4+P4+S4+V4 -> 12.291667 | H4: 22472.64 | I4: 22 | J4: 1.4444444 | K4: 58246.56 | L4: 63 | M4: 3.4652778 | N4: 55571.4 | O4: 59 | P4: 3.3333333 | Q4: 33370.92 | R4: 37 | S4: 2.0763889 | T4: 32482.08 | U4: 29 | V4: 1.9722222 | X4: =H4+K4+N4+Q4+T4 -> 202143.6
A5: psych. s. 2 - HAJASOVÁ | B5: 200000 | C5: =+H5+K5+N5+Q5+T5 -> 156449.88 | D5: =+C5-B5 -> -43550.12 | E5: =+I5+L5+O5+R5+U5 -> 131 | F5: =+J5+M5+P5+S5+V5 -> 9.8958333 | H5: 26390.88 | I5: 22 | J5: 1.625 | K5: 29964.6 | L5: 24 | M5: 1.8958333 | N5: 30512.16 | O5: 24 | P5: 2 | Q5: 39761.28 | R5: 34 | S5: 2.5 | T5: 29820.96 | U5: 27 | V5: 1.875 | X5: =H5+K5+N5+Q5+T5 -> 156449.88
A6: psych. s. 3 - KAŠPÁRKOVÁ/Pekárová | B6: 200000 | C6: =+H6+K6+N6+Q6+T6 -> 173563.56 | D6: =+C6-B6 -> -26436.44 | E6: =+I6+L6+O6+R6+U6 -> 165 | F6: =+J6+M6+P6+S6+V6 -> 10.690972 | H6: 24951.24 | I6: 25 | J6: 1.5069444 | K6: 40001.04 | L6: 36 | M6: 2.4027778 | N6: 32688.36 | O6: 29 | P6: 2.0763889 | Q6: 41254.92 | R6: 42 | S6: 2.5763889 | T6: 34668 | U6: 33 | V6: 2.1284722 | X6: =H6+K6+N6+Q6+T6 -> 173563.56
A7: psych. s. 4 - Hanzlíková | B7: 200000 | C7: =+H7+K7+N7+Q7+T7 -> 0 | D7: =+C7-B7 -> -200000 | E7: =+I7+L7+O7+R7+U7 -> 0 | F7: =+J7+M7+P7+S7+V7 -> 0
A8: psychiatr - GÁBEL 0,2 | B8: =450000*0.2 -> 90000 | C8: =+H8+K8+N8+Q8+T8 -> 11988 | D8: =+C8-B8 -> -78012 | E8: =+I8+L8+O8+R8+U8 -> 15 | F8: =+J8+M8+P8+S8+V8 -> 0.625 | H8: 2397.6 | I8: 3 | J8: 0.125 | K8: 2397.6 | L8: 3 | M8: 0.125 | N8: 2397.6 | O8: 3 | P8: 0.125 | Q8: 2397.6 | R8: 3 | S8: 0.125 | T8: 2397.6 | U8: 3 | V8: 0.125 | X8: =H8+K8+N8+Q8+T8 -> 11988
A9: psychiatr - PFEIFFER 0,5 | B9: =450000*0.5 -> 225000 | C9: =+H9+K9+N9+Q9+T9 -> 198371.16 | D9: =+C9-B9 -> -26628.84 | E9: =+I9+L9+O9+R9+U9 -> 120 | F9: =+J9+M9+P9+S9+V9 -> 8.25 | H9: 8941.32 | I9: 7 | J9: 0.38194444 | K9: 52439.4 | L9: 35 | M9: 2.125 | N9: 57402 | O9: 32 | P9: 2.3541667 | Q9: 54932.04 | R9: 32 | S9: 2.3333333 | T9: 24656.4 | U9: 14 | V9: 1.0555556 | X9: =H9+K9+N9+Q9+T9 -> 198371.16
A10: psychiatr - Dr. Suchánková 1,0 | B10: =450000 -> 450000 | C10: =+H10+K10+N10+Q10+T10 -> 480180.96 | D10: =+C10-B10 -> 30180.96 | E10: =+I10+L10+O10+R10+U10 -> 274 | F10: =+J10+M10+P10+S10+V10 -> 20.5625 | H10: 69023.88 | I10: 38 | J10: 2.9930556 | K10: 109069.2 | L10: 65 | M10: 4.6736111 | N10: 108028.08 | O10: 68 | P10: 4.5763889 | Q10: 105060.24 | R10: 57 | S10: 4.4930556 | T10: 88999.56 | U10: 46 | V10: 3.8263889 | X10: =H10+K10+N10+Q10+T10 -> 480180.96
A11: psycholog 1 - Dr. Balko 0,5 | B11: 40000 | C11: =+H11+K11+N11+Q11+T11 -> 23714.64 | D11: =+C11-B11 -> -16285.36 | E11: =+I11+L11+O11+R11+U11 -> 30 | F11: =+J11+M11+P11+S11+V11 -> 0.83333333 | H11: 3525.12 | I11: 6 | J11: 0.125 | K11: 10789.2 | L11: 8 | M11: 0.375 | N11: 2937.6 | O11: 5 | P11: 0.10416667 | Q11: 2937.6 | R11: 5 | S11: 0.10416667 | T11: 3525.12 | U11: 6 | V11: 0.125 | X11: =H11+K11+N11+Q11+T11 -> 23714.64
A12: psycholog 2 | B12: 0 | C12: =+H12+K12+N12+Q12+T12 -> 0 | D12: =+C12-B12 -> 0 | E12: =+I12+L12+O12+R12+U12 -> 0 | F12: =+J12+M12+P12+S12+V12 -> 0
A13: výnosy CDZ Chomutov | B13: =SUM(B14:B21) -> 400000 | C13: =SUM(C14:C21) -> 273477.82 | D13: =SUM(D14:D21) -> -126522.18 | E13: =SUM(E14:E21) -> 298 | F13: =SUM(F14:F21) -> 19.979167 | H13: =SUM(H14:H21) -> 21767.76 | I13: =SUM(I14:I21) -> 26 | J13: =SUM(J14:J21) -> 1.5902778 | K13: =SUM(K14:K21) -> 66825.22 | L13: =SUM(L14:L21) -> 67 | M13: =SUM(M14:M21) -> 4.8819444 | N13: =SUM(N14:N21) -> 63114.94 | O13: =SUM(O14:O21) -> 64 | ... V13: =SUM(V14:V21) -> 3.8541667
A14: psych. s 1 - Blažková | B14: 200000 | C14: =+H14+K14+N14+Q14+T14 -> 139827.38 | D14: =+C14-B14 -> -60172.62 | E14: =+I14+L14+O14+R14+U14 -> 163 | F14: =+J14+M14+P14+S14+V14 -> 10.215278 | H14: 14448.14 | I14: 17 | J14: 1.0555556 | K14: 34506.78 | L14: 38 | M14: 2.5208333 | N14: 36118.88 | O14: 41 | P14: 2.6388889 | Q14: 34790.98 | R14: 44 | S14: 2.5416667 | T14: 19962.6 | U14: 23 | V14: 1.4583333 | X14: =H14+K14+N14+Q14+T14 -> 139827.38
A15: psych. s 2 - Pátková | B15: 200000 | C15: =+H15+K15+N15+Q15+T15 -> 133650.44 | D15: =+C15-B15 -> -66349.56 | E15: =+I15+L15+O15+R15+U15 -> 135 | F15: =+J15+M15+P15+S15+V15 -> 9.7638889 | H15: 7319.62 | I15: 9 | J15: 0.53472222 | K15: 32318.44 | L15: 29 | M15: 2.3611111 | N15: 26996.06 | O15: 23 | P15: 1.9722222 | Q15: 34221.6 | R15: 45 | S15: 2.5 | T15: 32794.72 | U15: 29 | V15: 2.3958333 | X15: =H15+K15+N15+Q15+T15 -> 133650.44
A16: psych. s 3 - Jurášová | B16: 0 | C16: =+H16+K16+N16+Q16+T16 -> 0 | D16: =+C16-B16 -> 0 | E16: =+I16+L16+O16+R16+U16 -> 0 | F16: =+J16+M16+P16+S16+V16 -> 0
A17: psych. s 4 | B17: 0 | C17: =+H17+K17+N17+Q17+T17 -> 0 | D17: =+C17-B17 -> 0 | E17: =+I17+L17+O17+R17+U17 -> 0 | F17: =+J17+M17+P17+S17+V17 -> 0
A18: psychiatr 1 | B18: 0 | C18: =+H18+K18+N18+Q18+T18 -> 0 | D18: =+C18-B18 -> 0 | E18: =+I18+L18+O18+R18+U18 -> 0 | F18: =+J18+M18+P18+S18+V18 -> 0
A19: psychiatr 2 | B19: 0 | C19: =+H19+K19+N19+Q19+T19 -> 0 | D19: =+C19-B19 -> 0 | E19: =+I19+L19+O19+R19+U19 -> 0 | F19: =+J19+M19+P19+S19+V19 -> 0
A20: psycholog 1 - Mgr. Eva Suchopová 0,2 | B20: 0 | C20: =+H20+K20+N20+Q20+T20 -> 0 | D20: =+C20-B20 -> 0 | E20: =+I20+L20+O20+R20+U20 -> 0 | F20: =+J20+M20+P20+S20+V20 -> 0
A21: psycholog 2 | B21: 0 | C21: =+H21+K21+N21+Q21+T21 -> 0 | D21: =+C21-B21 -> 0 | E21: =+I21+L21+O21+R21+U21 -> 0 | F21: =+J21+M21+P21+S21+V21 -> 0
A22: výnosy CDZ Žatec | B22: =SUM(B23:B30) -> 600000 | C22: =SUM(C23:C30) -> 415308.32 | D22: =SUM(D23:D30) -> -184691.68 | E22: =SUM(E23:E30) -> 423 | F22: =SUM(F23:F30) -> 30.340278 | H22: =SUM(H23:H30) -> 57129.1 | I22: =SUM(I23:I30) -> 59 | J22: =SUM(J23:J30) -> 4.1736111 | K22: =SUM(K23:K30) -> 80515.82 | L22: =SUM(L23:L30) -> 90 | M22: =SUM(M23:M30) -> 5.8819444 | N22: =SUM(N23:N30) -> 93442.02 | O22: =SUM(O23:O30) -> 92 | ... V22: =SUM(V23:V30) -> 5.9166667
A23: psych. s 1 - ZELENKOVÁ | B23: =200000 -> 200000 | C23: =+H23+K23+N23+Q23+T23 -> 151045.44 | D23: =+C23-B23 -> -48954.56 | E23: =+I23+L23+O23+R23+U23 -> 146 | F23: =+J23+M23+P23+S23+V23 -> 11.034722 | H23: 20246.8 | I23: 24 | J23: 1.4791667 | K23: 32225.34 | L23: 32 | M23: 2.3541667 | N23: 33460.14 | O23: 28 | P23: 2.4444444 | Q23: 38403.26 | R23: 39 | S23: 2.8055556 | T23: 26709.9 | U23: 23 | V23: 1.9513889 | X23: =H23+K23+N23+Q23+T23 -> 151045.44
A24: psych. s 2 - Vondráčková | B24: =200000 -> 200000 | C24: =+H24+K24+N24+Q24+T24 -> 137073.58 | D24: =+C24-B24 -> -62926.42 | E24: =+I24+L24+O24+R24+U24 -> 148 | F24: =+J24+M24+P24+S24+V24 -> 10.013889 | H24: 18345.6 | I24: 19 | J24: 1.3402778 | K24: 23765 | L24: 27 | M24: 1.7361111 | N24: 29467.62 | O24: 30 | P24: 2.1527778 | Q24: 35932.68 | R24: 38 | S24: 2.625 | T24: 29562.68 | U24: 34 | V24: 2.1597222 | X24: =H24+K24+N24+Q24+T24 -> 137073.58
A25: psych. s 3 - Nováková | B25: =200000 -> 200000 | C25: =+H25+K25+N25+Q25+T25 -> 127189.3 | D25: =+C25-B25 -> -72810.7 | E25: =+I25+L25+O25+R25+U25 -> 129 | F25: =+J25+M25+P25+S25+V25 -> 9.2916667 | H25: 18536.7 | I25: 16 | J25: 1.3541667 | K25: 24525.48 | L25: 31 | M25: 1.7916667 | N25: 30514.26 | O25: 34 | P25: 2.2291667 | Q25: 28898.24 | R25: 25 | S25: 2.1111111 | T25: 24714.62 | U25: 23 | V25: 1.8055556 | X25: =H25+K25+N25+Q25+T25 -> 127189.3
A26: všeob. s 4 - Dušková | B26: 0 | C26: =+H26+K26+N26+Q26+T26 -> 0 | D26: 0 | E26: =+I26+L26+O26+R26+U26 -> 0 | F26: =+J26+M26+P26+S26+V26 -> 0
A27: psychiatr 1 | B27: 0 | C27: =+H27+K27+N27+Q27+T27 -> 0 | D27: =+C27-B27 -> 0 | E27: =+I27+L27+O27+R27+U27 -> 0 | F27: =+J27+M27+P27+S27+V27 -> 0
A28: psychiatr 2 | B28: 0 | C28: =+H28+K28+N28+Q28+T28 -> 0 | D28: =+C28-B28 -> 0 | E28: =+I28+L28+O28+R28+U28 -> 0 | F28: =+J28+M28+P28+S28+V28 -> 0
A29: psycholog 1 - Lichtenbergová 0,5 | B29: 0 | C29: =+H29+K29+N29+Q29+T29 -> 0 | D29: =+C29-B29 -> 0 | E29: =+I29+L29+O29+R29+U29 -> 0 | F29: =+J29+M29+P29+S29+V29 -> 0
A30: psycholog 2 | B30: 0 | C30: =+H30+K30+N30+Q30+T30 -> 0 | D30: =+C30-B30 -> 0 | E30: =+I30+L30+O30+R30+U30 -> 0 | F30: =+J30+M30+P30+S30+V30 -> 0
A31: výnosy CDZ Litoměřice | B31: =SUM(B32:B39) -> 200000 | C31: =SUM(C32:C39) -> 48480.6 | D31: =SUM(D32:D39) -> -151519.4 | E31: =SUM(E32:E39) -> 59 | F31: =SUM(F32:F39) -> 3.5416667 | H31: =SUM(H32:H39) -> 15589.84 | I31: =SUM(I32:I39) -> 18 | J31: =SUM(J32:J39) -> 1.1388889 | K31: =SUM(K32:K39) -> 24715.6 | L31: =SUM(L32:L39) -> 30 | M31: =SUM(M32:M39) -> 1.8055556 | N31: =SUM(N32:N39) -> 8175.16 | O31: =SUM(O32:O39) -> 11 | ... V31: =SUM(V32:V39) -> 0
A32: psych. s 1 - Štréblová | B32: =200000 -> 200000 | C32: =+H32+K32+N32+Q32+T32 -> 48480.6 | D32: =+C32-B32 -> -151519.4 | E32: =+I32+L32+O32+R32+U32 -> 59 | F32: =+J32+M32+P32+S32+V32 -> 3.5416667 | H32: 15589.84 | I32: 18 | J32: 1.1388889 | K32: 24715.6 | L32: 30 | M32: 1.8055556 | N32: 8175.16 | O32: 11 | P32: 0.59722222 | X32: =H32+K32+N32 -> 48480.6
A33: psych. s 2 | B33: 0 | C33: =+H33+K33+N33+Q33+T33 -> 0 | D33: =+C33-B33 -> 0 | E33: =+I33+L33+O33+R33+U33 -> 0 | F33: =+J33+M33+P33+S33+V33 -> 0
A34: psych. s 3 | B34: 0 | C34: =+H34+K34+N34+Q34+T34 -> 0 | D34: =+C34-B34 -> 0 | E34: =+I34+L34+O34+R34+U34 -> 0 | F34: =+J34+M34+P34+S34+V34 -> 0
A35: psych. s 4 | B35: 0 | C35: =+H35+K35+N35+Q35+T35 -> 0 | D35: =+C35-B35 -> 0 | E35: =+I35+L35+O35+R35+U35 -> 0 | F35: =+J35+M35+P35+S35+V35 -> 0
A36: psychiatr 1 - 0,5 | B36: 0 | C36: =+H36+K36+N36+Q36+T36 -> 0 | D36: =+C36-B36 -> 0 | E36: =+I36+L36+O36+R36+U36 -> 0 | F36: =+J36+M36+P36+S36+V36 -> 0
A37: psychiatr 2 | B37: 0 | C37: =+H37+K37+N37+Q37+T37 -> 0 | D37: =+C37-B37 -> 0 | E37: =+I37+L37+O37+R37+U37 -> 0 | F37: =+J37+M37+P37+S37+V37 -> 0
A38: psycholog 1 - 0,5 | B38: 0 | C38: =+H38+K38+N38+Q38+T38 -> 0 | D38: =+C38-B38 -> 0 | E38: =+I38+L38+O38+R38+U38 -> 0 | F38: =+J38+M38+P38+S38+V38 -> 0
A39: psycholog 2 | B39: 0 | C39: =+H39+K39+N39+Q39+T39 -> 0 | D39: =+C39-B39 -> 0 | E39: =+I39+L39+O39+R39+U39 -> 0 | F39: =+J39+M39+P39+S39+V39 -> 0
A40: výnosy TDZ Děčín | B40: =SUM(B41:B42) -> 0 | C40: =SUM(C41:C42) -> 0 | D40: =SUM(D41:D42) -> 0 | E40: =SUM(E41:E42) -> 0 | F40: =SUM(F41:F42) -> 0 | H40: =SUM(H41:H42) -> 0 | I40: =SUM(I41:I42) -> 0 | J40: =SUM(J41:J42) -> 0 | K40: =SUM(K41:K42) -> 0 | L40: =SUM(L41:L42) -> 0 | M40: =SUM(M41:M42) -> 0 | N40: =SUM(N41:N42) -> 0 | O40: =SUM(O41:O42) -> 0 | ... V40: =SUM(V41:V42) -> 0
A41: psych. s 1 | B41: 0 | C41: =+H41+K41+N41+Q41+T41 -> 0 | D41: =+C41-B41 -> 0 | E41: =+I41+L41+O41+R41+U41 -> 0 | F41: =+J41+M41+P41+S41+V41 -> 0
A42: psych. s 2 | B42: 0 | C42: =+H42+K42+N42+Q42+T42 -> 0 | D42: =+C42-B42 -> 0 | E42: =+I42+L42+O42+R42+U42 -> 0 | F42: =+J42+M42+P42+S42+V42 -> 0
A43: výnosy TDZ Most | B43: =SUM(B44:B45) -> 170000 | C43: =SUM(C44:C45) -> 140021.42 | D43: =SUM(D44:D45) -> -29978.58 | E43: =SUM(E44:E45) -> 181 | F43: =SUM(F44:F45) -> 10.229167 | H43: =SUM(H44:H45) -> 17585.12 | I43: =SUM(I44:I45) -> 24 | J43: =SUM(J44:J45) -> 1.2847222 | K43: =SUM(K44:K45) -> 31369.8 | L43: =SUM(L44:L45) -> 33 | M43: =SUM(M44:M45) -> 2.2916667 | N43: =SUM(N44:N45) -> 35219.24 | O43: =SUM(O44:O45) -> 42 | ... V43: =SUM(V44:V45) -> 2.0972222
A44: psych. s 1 Prajzová | B44: =200000*0.85 -> 170000 | C44: =+H44+K44+N44+Q44+T44 -> 140021.42 | D44: =+C44-B44 -> -29978.58 | E44: =+I44+L44+O44+R44+U44 -> 181 | F44: =+J44+M44+P44+S44+V44 -> 10.229167 | H44: 17585.12 | I44: 24 | J44: 1.2847222 | K44: 31369.8 | L44: 33 | M44: 2.2916667 | N44: 35219.24 | O44: 42 | P44: 2.5729167 | Q44: 27139.14 | R44: 40 | S44: 1.9826389 | T44: 28708.12 | U44: 42 | V44: 2.0972222 | X44: =H44+K44+N44+Q44+T44 -> 140021.42
A45: psych. s 2 | B45: 0 | C45: =+H45+K45+N45+Q45+T45 -> 0 | D45: =+C45-B45 -> 0 | E45: =+I45+L45+O45+R45+U45 -> 0 | F45: =+J45+M45+P45+S45+V45 -> 0
A46: výnosy TDZ Teplice | B46: =SUM(B47:B48) -> 0 | C46: =SUM(C47:C48) -> 0 | D46: =SUM(D47:D48) -> 0 | E46: =SUM(E47:E48) -> 0 | F46: =SUM(F47:F48) -> 0 | H46: =SUM(H47:H48) -> 0 | I46: =SUM(I47:I48) -> 0 | J46: =SUM(J47:J48) -> 0 | K46: =SUM(K47:K48) -> 0 | L46: =SUM(L47:L48) -> 0 | M46: =SUM(M47:M48) -> 0 | N46: =SUM(N47:N48) -> 0 | O46: =SUM(O47:O48) -> 0 | ... V46: =SUM(V47:V48) -> 0
A47: psych. s 1 | B47: 0 | C47: =+H47+K47+N47+Q47+T47 -> 0 | D47: =+C47-B47 -> 0 | E47: =+I47+L47+O47+R47+U47 -> 0 | F47: =+J47+M47+P47+S47+V47 -> 0
A48: psych. s 2 | B48: 0 | C48: =+H48+K48+N48+Q48+T48 -> 0 | D48: =+C48-B48 -> 0 | E48: =+I48+L48+O48+R48+U48 -> 0 | F48: =+J48+M48+P48+S48+V48 -> 0
A49: výnosy TDZ pro děti | B49: =SUM(B50:B51) -> 0 | C49: =SUM(C50:C51) -> 0 | D49: =SUM(D50:D51) -> 0 | E49: =SUM(E50:E51) -> 0 | F49: =SUM(F50:F51) -> 0 | H49: =SUM(H50:H51) -> 0 | I49: =SUM(I50:I51) -> 0 | J49: =SUM(J50:J51) -> 0 | K49: =SUM(K50:K51) -> 0 | L49: =SUM(L50:L51) -> 0 | M49: =SUM(M50:M51) -> 0 | N49: =SUM(N50:N51) -> 0 | O49: =SUM(O50:O51) -> 0 | ... V49: =SUM(V50:V51) -> 0
A50: psych. s 1 - Skokanová | B50: 0 | C50: =+H50+K50+N50+Q50+T50 -> 0 | D50: =+C50-B50 -> 0 | E50: =+I50+L50+O50+R50+U50 -> 0 | F50: =+J50+M50+P50+S50+V50 -> 0
A51: psych. s 2 | B51: 0 | C51: =+H51+K51+N51+Q51+T51 -> 0 | D51: =+C51-B51 -> 0 | E51: =+I51+L51+O51+R51+U51 -> 0 | F51: =+J51+M51+P51+S51+V51 -> 0
A52: VÝNOSY CELKEM | B52: =+B49+B40+B31+B22+B13+B3+B46+B43 -> 2975000 | C52: =+C49+C40+C31+C22+C13+C3+C46+C43 -> 2123700 | D52: =+D49+D40+D31+D22+D13+D3+D46+D43 -> -851300.04 | E52: =+E49+E40+E31+E22+E13+E3+E46+E43 -> 1906 | F52: =+F49+F40+F31+F22+F13+F3+F46+F43 -> 127.23958 | H52: =+H49+H40+H31+H22+H13+H3+H46+H43 -> 269774.5 | I52: =+I49+I40+I31+I22+I13+I3+I46+I43 -> 250 | J52: =+J49+J40+J31+J22+J13+J3+J46+J43 -> 16.388889 | K52: =+K49+K40+K31+K22+K13+K3+K46+K43 -> 506334.04 | L52: =+L49+L40+L31+L22+L13+L3+L46+L43 -> 454 | M52: =+M49+M40+M31+M22+M13+M3+M46+M43 -> 29.923611 | N52: =+N49+N40+N31+N22+N13+N3+N46+N43 -> 489488.56 | O52: =+O49+O40+O31+O22+O13+O3+O46+O43 -> 429 | ... V52: =+V49+V40+V31+V22+V13+V3+V46+V43 -> 22.975694
A54: NÁKLADY | B54: plán měsíce | C54: skutečnost měsíce | D54: rozdíl
A55: Mzdy a odvody pracovníků | B55: =+B56+B66+B75+B84+B93+B102+B96+B99 -> 1526260 | C55: =+C56+C66+C75+C84+C93+C102+C96+C99 -> 1455709 | D55: =+C55-B55 -> -70551
A56: 1. CDZ Ústí | B56: =SUM(B57:B65)*1.34 -> 720920 | C56: =SUM(C57:C65)*1.34 -> 755559 | D56: =+C56-B56 -> 34639
A57: =+A4 -> psych. s. 1 - NÁGLOVÁ | B57: 60000 | C57: =+B57 -> 60000 | D57: =+C57-B57 -> 0
A58: =+A5 -> psych. s. 2 - HAJASOVÁ | B58: 47000 | C58: 47850 | D58: =+C58-B58 -> 850
A59: =+A6 -> psych. s. 3 - KAŠPÁRKOVÁ/Pekárová | B59: 65000 | C59: 75000 | D59: =+C59-B59 -> 10000
A60: =+A7 -> psych. s. 4 - Hanzlíková | B60: 65000 | C60: 65000 | D60: =+C60-B60 -> 0
A61: =+A8 -> psychiatr - GÁBEL 0,2 | B61: 16000 | C61: =+B61 -> 16000 | D61: =+C61-B61 -> 0
A62: =+A9 -> psychiatr - PFEIFFER 0,5 | B62: 85000 | C62: =+B62 -> 85000 | D62: =+C62-B62 -> 0
A63: =+A10 -> psychiatr - Dr. Suchánková 1,0 | B63: 160000 | C63: 175000 | D63: =+C63-B63 -> 15000
A64: =+A11 -> psycholog 1 - Dr. Balko 0,5 | B64: 40000 | C64: =+B64 -> 40000 | D64: =+C64-B64 -> 0
A65: =+A12 -> psycholog 2 | B65: 0 | D65: =+C65-B65 -> 0
A66: 2. CDZ Chomutov | B66: =SUM(B67:B74)*1.34 -> 263980 | C66: =SUM(C67:C74)*1.34 -> 270010 | D66: =+C66-B66 -> 6030
A67: =+A14 -> psych. s 1 - Blažková | B67: 55000 | C67: 56500 | D67: =+C67-B67 -> 1500
A68: =+A15 -> psych. s 2 - Pátková | B68: 60000 | C68: 63000 | D68: =+C68-B68 -> 3000
A69: =+A16 -> psych. s 3 - Jurášová | B69: 50000 | C69: 50000 | D69: =+C69-B69 -> 0
A70: =+A17 -> psych. s 4 | B70: 0 | C70: 0 | D70: =+C70-B70 -> 0
A71: =+A18 -> psychiatr 1 | B71: 0 | C71: 0 | D71: =+C71-B71 -> 0
A72: =+A19 -> psychiatr 2 | B72: 0 | C72: 0 | D72: =+C72-B72 -> 0
A73: =+A20 -> psycholog 1 - Mgr. Eva Suchopová 0,2 | B73: 32000 | C73: 32000 | D73: =+C73-B73 -> 0
A74: =+A21 -> psycholog 2 | B74: 0 | C74: 0 | D74: =+C74-B74 -> 0
A75: 3. CDZ Žatec | B75: =SUM(B76:B83)*1.34 -> 258620 | C75: =SUM(C76:C83)*1.34 -> 260630 | D75: =+C75-B75 -> 2010
A76: =+A23 -> psych. s 1 - ZELENKOVÁ | B76: 65000 | C76: =+B76 -> 65000 | D76: =+C76-B76 -> 0
A77: =+A24 -> psych. s 2 - Vondráčková | B77: 58000 | C77: =+B77 -> 58000 | D77: =+C77-B77 -> 0
A78: =+A25 -> psych. s 3 - Nováková | B78: 55000 | C78: 56500 | D78: =+C78-B78 -> 1500
A79: =+A26 -> všeob. s 4 - Dušková | B79: 0 | C79: 0 | D79: =+C79-B79 -> 0
A80: =+A27 -> psychiatr 1 | B80: 0 | C80: 0 | D80: =+C80-B80 -> 0
A81: =+A28 -> psychiatr 2 | B81: 0 | C81: 0 | D81: =+C81-B81 -> 0
A82: =+A29 -> psycholog 1 - Lichtenbergová 0,5 | B82: 15000 | C82: 15000 | D82: =+C82-B82 -> 0
A83: =+A30 -> psycholog 2 | B83: 0 | C83: 0 | D83: =+C83-B83 -> 0
A84: 4. CDZ Litoměřice | B84: =SUM(B85:B92)*1.34 -> 93800 | C84: =SUM(C85:C92)*1.34 -> 93800 | D84: =+C84-B84 -> 0
A85: =+A32 -> psych. s 1 - Štréblová | B85: 70000 | C85: =+B85 -> 70000 | D85: =+C85-B85 -> 0
A86: =+A33 -> psych. s 2 | B86: 0 | C86: 0 | D86: =+C86-B86 -> 0
A87: =+A34 -> psych. s 3 | B87: 0 | C87: 0 | D87: =+C87-B87 -> 0
A88: =+A35 -> psych. s 4 | B88: 0 | C88: 0 | D88: =+C88-B88 -> 0
A89: =+A36 -> psychiatr 1 - 0,5 | B89: 0 | C89: 0 | D89: =+C89-B89 -> 0
A90: =+A37 -> psychiatr 2 | B90: 0 | C90: 0 | D90: =+C90-B90 -> 0
A91: =+A38 -> psycholog 1 - 0,5 | B91: 0 | C91: 0 | D91: =+C91-B91 -> 0
A92: =+A39 -> psycholog 2 | B92: 0 | C92: 0 | D92: =+C92-B92 -> 0
A93: 5. TDZ Děčín | B93: =SUM(B94:B95)*1.34 -> 96480 | C93: =SUM(C94:C95)*1.34 -> 0 | D93: =+C93-B93 -> -96480
A94: =+A41 -> psych. s 1 | B94: 72000 | C94: 0 | D94: =+C94-B94 -> -72000
A95: =+A42 -> psych. s 2 | B95: 0 | C95: 0 | D95: =+C95-B95 -> 0
A96: 6. TDZ Most | B96: =SUM(B97:B98)*1.34 -> 73700 | C96: =SUM(C97:C98)*1.34 -> 75710 | D96: =+C96-B96 -> 2010
A97: =+A44 -> psych. s 1 Prajzová | B97: 55000 | C97: 56500 | D97: =+C97-B97 -> 1500
A98: =+A45 -> psych. s 2 | B98: 0 | C98: 0 | D98: =+C98-B98 -> 0
A99: 7. TDZ Teplice | B99: =SUM(B100:B101)*1.34 -> 0 | C99: =SUM(C100:C101)*1.34 -> 0 | D99: =+C99-B99 -> 0
A100: =+A47 -> psych. s 1 | B100: 0 | C100: 0 | D100: =+C100-B100 -> 0
A101: =+A48 -> psych. s 2 | B101: 0 | C101: 0 | D101: =+C101-B101 -> 0
...

Sheet listopad 2025
A1: VÝNOSY | H1: týden 1 (zpravidla dělený s předchozím měsícem) | K1: týden 2 | N1: týden 3 | Q1: týden 4 | T1: týden 5 (zpravidla dělený s následujícím měsícem)
A2: Středisko/pracovník | B2: plán měsíce | C2: skutečnost měsíce | D2: rozdíl | E2: počet intervencí | F2: odpracováno hod. | H2: výkony /týden | I2: počet intervencí | J2: odpracováno hod. | K2: výkony /týden | L2: počet intervencí | M2: odpracováno hod. | N2: výkony /týden | O2: počet intervencí | P2: odpracováno hod. | Q2: výkony /týden | R2: počet intervencí | S2: odpracováno hod. | T2: výkony /týden | U2: počet intervencí | V2: odpracováno hod.
A3: výnosy CDZ Ústí | B3: =SUM(B4:B12) -> 1095000 | C3: =SUM(C4:C12) -> 802309.32 | D3: =SUM(D4:D12) -> -292690.68 | E3: =SUM(E4:E12) -> 668 | F3: =SUM(F4:F12) -> 44.229722 | H3: =SUM(H4:H12) -> 222345 | I3: =SUM(I4:I12) -> 176 | J3: =SUM(J4:J12) -> 12.149306 | K3: =SUM(K4:K12) -> 227216.88 | L3: =SUM(L4:L12) -> 179 | M3: =SUM(M4:M12) -> 12.829861 | N3: =SUM(N4:N12) -> 150117.84 | O3: =SUM(O4:O12) -> 132 | ... V3: =SUM(V4:V12) -> 0
A4: psych. s. 1 - NÁGLOVÁ | B4: 200000 | C4: =+H4+K4+N4+Q4+T4 -> 180045.72 | D4: =+C4-B4 -> -19954.28 | E4: =+I4+L4+O4+R4+U4 -> 190 | F4: =+J4+M4+P4+S4+V4 -> 10.951389 | H4: 43531.56 | I4: 40 | J4: 2.7048611 | K4: 42694.56 | L4: 50 | M4: 2.6493056 | N4: 42541.2 | O4: 42 | P4: 2.5486111 | Q4: 51278.4 | R4: 58 | S4: 3.0486111
A5: psych. s. 2 - HAJASOVÁ | B5: 200000 | C5: =+H5+K5+N5+Q5+T5 -> 68235.48 | D5: =+C5-B5 -> -131764.52 | E5: =+I5+L5+O5+R5+U5 -> 54 | F5: =+J5+M5+P5+S5+V5 -> 4.2291667 | H5: 29704.32 | I5: 24 | J5: 1.8333333 | K5: 38531.16 | L5: 30 | M5: 2.3958333
A6: psych. s. 3 - KAŠPÁRKOVÁ/Pekárová | B6: 200000 | C6: =+H6+K6+N6+Q6+T6 -> 114000.48 | D6: =+C6-B6 -> -85999.52 | E6: =+I6+L6+O6+R6+U6 -> 103 | F6: =+J6+M6+P6+S6+V6 -> 7.32 | H6: 25552.8 | I6: 24 | J6: 1.5694444 | K6: 30170.88 | L6: 24 | M6: 2 | N6: 28129.68 | O6: 24 | P6: 1.82 | Q6: 30147.12 | R6: 31 | S6: 1.9305556
A7: psych. s. 4 - HANZLÍKOVÁ | B7: 200000 | C7: =+H7+K7+N7+Q7+T7 -> 144231.84 | D7: =+C7-B7 -> -55768.16 | E7: =+I7+L7+O7+R7+U7 -> 100 | F7: =+J7+M7+P7+S7+V7 -> 9.0972222 | H7: 37534.32 | I7: 27 | J7: 2.375 | K7: 41700.96 | L7: 23 | M7: 2.5833333 | N7: 29479.68 | O7: 19 | P7: 1.875 | Q7: 35516.88 | R7: 31 | S7: 2.2638889
A8: psychiatr - GÁBEL 0,2 | B8: 30000 | C8: =+H8+K8+N8+Q8+T8 -> 30353.4 | D8: =+C8-B8 -> 353.4 | E8: =+I8+L8+O8+R8+U8 -> 39 | F8: =+J8+M8+P8+S8+V8 -> 1.5694444 | H8: 7192.8 | I8: 9 | J8: 0.375 | K8: 7992 | L8: 10 | M8: 0.41666667 | N8: 7780.32 | O8: 10 | P8: 0.39583333 | Q8: 7388.28 | R8: 10 | S8: 0.38194444
A9: psychiatr - PFEIFFER 0,5 | B9: =450000*0.5 -> 225000 | C9: =+H9+K9+N9+Q9+T9 -> 192879.36 | D9: =+C9-B9 -> -32120.64 | E9: =+I9+L9+O9+R9+U9 -> 117 | F9: =+J9+M9+P9+S9+V9 -> 8.125 | H9: 60259.68 | I9: 34 | J9: 2.5208333 | K9: 48873.24 | L9: 29 | M9: 2.0763889 | N9: 30106.08 | O9: 21 | P9: 1.2708333 | Q9: 53640.36 | R9: 33 | S9: 2.2569444
A10: psychiatr 3 | B10: 0 | C10: =+H10+K10+N10+Q10+T10 -> 0 | D10: =+C10-B10 -> 0 | E10: =+I10+L10+O10+R10+U10 -> 0 | F10: =+J10+M10+P10+S10+V10 -> 0
A11: psycholog 1 - Dr. Balko 0,5 | B11: 40000 | C11: =+H11+K11+N11+Q11+T11 -> 72563.04 | D11: =+C11-B11 -> 32563.04 | E11: =+I11+L11+O11+R11+U11 -> 65 | F11: =+J11+M11+P11+S11+V11 -> 2.9375 | H11: 18569.52 | I11: 18 | J11: 0.77083333 | K11: 17254.08 | L11: 13 | M11: 0.70833333 | N11: 12080.88 | O11: 16 | P11: 0.47916667 | Q11: 24658.56 | R11: 18 | S11: 0.97916667
A12: psycholog 2 | B12: 0 | C12: =+H12+K12+N12+Q12+T12 -> 0 | D12: =+C12-B12 -> 0 | E12: =+I12+L12+O12+R12+U12 -> 0 | F12: =+J12+M12+P12+S12+V12 -> 0
A13: výnosy CDZ Chomutov | B13: =SUM(B14:B21) -> 865000 | C13: =SUM(C14:C21) -> 699629.4 | D13: =SUM(D14:D21) -> -165370.6 | E13: =SUM(E14:E21) -> 559 | F13: =SUM(F14:F21) -> 38.163194 | H13: =SUM(H14:H21) -> 167973.48 | I13: =SUM(I14:I21) -> 108 | J13: =SUM(J14:J21) -> 9.0729167 | K13: =SUM(K14:K21) -> 139911.84 | L13: =SUM(L14:L21) -> 123 | M13: =SUM(M14:M21) -> 8.0763889 | N13: =SUM(N14:N21) -> 164252.88 | O13: =SUM(O14:O21) -> 133 | ... V13: =SUM(V14:V21) -> 0
A14: psych. s 1 - Blažková | B14: 200000 | C14: =+H14+K14+N14+Q14+T14 -> 231180.48 | D14: =+C14-B14 -> 31180.48 | E14: =+I14+L14+O14+R14+U14 -> 211 | F14: =+J14+M14+P14+S14+V14 -> 14.142361 | H14: 59177.52 | I14: 43 | J14: 3.6493056 | K14: 63120.6 | L14: 61 | M14: 3.8402778 | N14: 40555.08 | O14: 33 | P14: 2.4861111 | Q14: 68327.28 | R14: 74 | S14: 4.1666667
A15: psych. s 2 - Pátková | B15: 200000 | C15: =+H15+K15+N15+Q15+T15 -> 209362.32 | D15: =+C15-B15 -> 9362.32 | E15: =+I15+L15+O15+R15+U15 -> 192 | F15: =+J15+M15+P15+S15+V15 -> 12.763889 | H15: 60548.04 | I15: 51 | J15: 3.6736111 | K15: 53082 | L15: 47 | M15: 3.2013889 | N15: 55081.08 | O15: 52 | P15: 3.4097222 | Q15: 40651.2 | R15: 42 | S15: 2.4791667
A16: psych. s 3 - Jurášová | B16: 200000 | C16: =+H16+K16+N16+Q16+T16 -> 33942.24 | D16: =+C16-B16 -> -166057.76 | E16: =+I16+L16+O16+R16+U16 -> 27 | F16: =+J16+M16+P16+S16+V16 -> 2.25 | N16: 15085.44 | O16: 12 | P16: 1 | Q16: 18856.8 | R16: 15 | S16: 1.25
A17: psych. s 4 - Mašková | B17: 0 | C17: =+H17+K17+N17+Q17+T17 -> 0 | D17: 0 | E17: =+I17+L17+O17+R17+U17 -> 0 | F17: =+J17+M17+P17+S17+V17 -> 0
A18: psychiatr - Dr. Suchánková 0,5 | B18: =450000/2 -> 225000 | C18: =+H18+K18+N18+Q18+T18 -> 162334.8 | D18: =+C18-B18 -> -62665.2 | E18: =+I18+L18+O18+R18+U18 -> 85 | F18: =+J18+M18+P18+S18+V18 -> 6.2638889 | H18: 48247.92 | I18: 14 | J18: 1.75 | N18: 35523.36 | O18: 22 | P18: 1.4583333 | Q18: 78563.52 | R18: 49 | S18: 3.0555556
A19: psychiatr 2 | B19: 0 | C19: =+H19+K19+N19+Q19+T19 -> 0 | D19: =+C19-B19 -> 0 | E19: =+I19+L19+O19+R19+U19 -> 0 | F19: =+J19+M19+P19+S19+V19 -> 0
A20: psycholog 1 - Mgr. Eva Suchopová 0,4 | B20: 40000 | C20: =+H20+K20+N20+Q20+T20 -> 62809.56 | D20: =+C20-B20 -> 22809.56 | E20: =+I20+L20+O20+R20+U20 -> 44 | F20: =+J20+M20+P20+S20+V20 -> 2.7430556 | K20: 23709.24 | L20: 15 | M20: 1.0347222 | N20: 18007.92 | O20: 14 | P20: 0.77777778 | Q20: 21092.4 | R20: 15 | S20: 0.93055556
A21: psycholog 2 - Mgr. Iva Červenková 0,2 | B21: 0 | C21: =+H21+K21+N21+Q21+T21 -> 0 | D21: =+C21-B21 -> 0 | E21: =+I21+L21+O21+R21+U21 -> 0 | F21: =+J21+M21+P21+S21+V21 -> 0
A22: výnosy CDZ Žatec | B22: =SUM(B23:B30) -> 1025000 | C22: =SUM(C23:C30) -> 841984.2 | D22: =SUM(D23:D30) -> -183015.8 | E22: =SUM(E23:E30) -> 728 | F22: =SUM(F23:F30) -> 47.378472 | H22: =SUM(H23:H30) -> 179641.8 | I22: =SUM(I23:I30) -> 126 | J22: =SUM(J23:J30) -> 9.8333333 | K22: =SUM(K23:K30) -> 174237.48 | L22: =SUM(L23:L30) -> 161 | M22: =SUM(M23:M30) -> 10.520833 | N22: =SUM(N23:N30) -> 198744.84 | O22: =SUM(O23:O30) -> 174 | ... V22: =SUM(V23:V30) -> 0
A23: psych. s 1 - ZELENKOVÁ | B23: =200000 -> 200000 | C23: =+H23+K23+N23+Q23+T23 -> 202815.36 | D23: =+C23-B23 -> 2815.36 | E23: =+I23+L23+O23+R23+U23 -> 176 | F23: =+J23+M23+P23+S23+V23 -> 12.256944 | H23: 48837.6 | I23: 37 | J23: 3 | K23: 45409.68 | L23: 39 | M23: 2.75 | N23: 46875.24 | O23: 45 | P23: 2.8472222 | Q23: 61692.84 | R23: 55 | S23: 3.6597222
A24: psych. s 2 - Vondráčková | B24: =200000 -> 200000 | C24: =+H24+K24+N24+Q24+T24 -> 188329.32 | D24: =+C24-B24 -> -11670.68 | E24: =+I24+L24+O24+R24+U24 -> 190 | F24: =+J24+M24+P24+S24+V24 -> 11.364583 | H24: 36540.72 | I24: 32 | J24: 2.2638889 | K24: 44569.44 | L24: 48 | M24: 2.6944444 | N24: 47780.28 | O24: 50 | P24: 2.8506944 | Q24: 59438.88 | R24: 60 | S24: 3.5555556
A25: psych. s 3 - Nováková | B25: =200000 -> 200000 | C25: =+H25+K25+N25+Q25+T25 -> 154090.08 | D25: =+C25-B25 -> -45909.92 | E25: =+I25+L25+O25+R25+U25 -> 146 | F25: =+J25+M25+P25+S25+V25 -> 9.3055556 | H25: 34700.4 | I25: 27 | J25: 2.1944444 | K25: 41467.68 | L25: 38 | M25: 2.5 | N25: 16962.48 | O25: 20 | P25: 1 | Q25: 60959.52 | R25: 61 | S25: 3.6111111
A26: všeob. s 4 - Dušková | B26: =200000 -> 200000 | C26: =+H26+K26+N26+Q26+T26 -> 134463.24 | D26: =+C26-B26 -> -65536.76 | E26: =+I26+L26+O26+R26+U26 -> 129 | F26: =+J26+M26+P26+S26+V26 -> 8.0763889 | K26: 42790.68 | L26: 36 | M26: 2.5763889 | N26: 23682.24 | O26: 26 | P26: 1.3888889 | Q26: 67990.32 | R26: 67 | S26: 4.1111111
A27: psychiatr - Dr. Suchánková 0,5 | B27: =450000*0.5 -> 225000 | C27: =+H27+K27+N27+Q27+T27 -> 162286.2 | D27: =+C27-B27 -> -62713.8 | E27: =+I27+L27+O27+R27+U27 -> 87 | F27: =+J27+M27+P27+S27+V27 -> 6.375 | H27: 59563.08 | I27: 30 | J27: 2.375 | N27: 63444.6 | O27: 33 | P27: 2.3819444 | Q27: 39278.52 | R27: 24 | S27: 1.6180556
A28: psychiatr 2 | B28: 0 | C28: =+H28+K28+N28+Q28+T28 -> 0 | D28: =+C28-B28 -> 0 | E28: =+I28+L28+O28+R28+U28 -> 0 | F28: =+J28+M28+P28+S28+V28 -> 0
A29: psycholog 1 - Lichtenbergová 0,5 | B29: 0 | C29: =+H29+K29+N29+Q29+T29 -> 0 | D29: =+C29-B29 -> 0 | E29: =+I29+L29+O29+R29+U29 -> 0 | F29: =+J29+M29+P29+S29+V29 -> 0
A30: psycholog 2 | B30: 0 | C30: =+H30+K30+N30+Q30+T30 -> 0 | D30: =+C30-B30 -> 0 | E30: =+I30+L30+O30+R30+U30 -> 0 | F30: =+J30+M30+P30+S30+V30 -> 0
A31: výnosy CDZ Litoměřice | B31: =SUM(B32:B39) -> 0 | C31: =SUM(C32:C39) -> 0 | D31: =SUM(D32:D39) -> 0 | E31: =SUM(E32:E39) -> 0 | F31: =SUM(F32:F39) -> 0 | H31: =SUM(H32:H39) -> 0 | I31: =SUM(I32:I39) -> 0 | J31: =SUM(J32:J39) -> 0 | K31: =SUM(K32:K39) -> 0 | L31: =SUM(L32:L39) -> 0 | M31: =SUM(M32:M39) -> 0 | N31: =SUM(N32:N39) -> 0 | O31: =SUM(O32:O39) -> 0 | ... V31: =SUM(V32:V39) -> 0
A32: psych. s 1 - | B32: 0 | C32: =+H32+K32+N32+Q32+T32 -> 0 | D32: =+C32-B32 -> 0 | E32: =+I32+L32+O32+R32+U32 -> 0 | F32: =+J32+M32+P32+S32+V32 -> 0
A33: psych. s 2 | B33: 0 | C33: =+H33+K33+N33+Q33+T33 -> 0 | D33: =+C33-B33 -> 0 | E33: =+I33+L33+O33+R33+U33 -> 0 | F33: =+J33+M33+P33+S33+V33 -> 0
A34: psych. s 3 | B34: 0 | C34: =+H34+K34+N34+Q34+T34 -> 0 | D34: =+C34-B34 -> 0 | E34: =+I34+L34+O34+R34+U34 -> 0 | F34: =+J34+M34+P34+S34+V34 -> 0
